commit_id,timestamp,source_file,target_file,direct_dependency,transitive_dependency_count,dependency_distance,dependent_count,lines_added,lines_deleted,total_lines_changed,functions_changed,classes_changed,files_changed,historical_change_frequency,historical_cochange_frequency,recent_change_frequency,previous_target_changes,previous_test_failures,file_criticality,developer_count,test_coverage,affected
commit_0000,2025-01-01T09:00:00,backend/authService.ts,frontend/login.tsx,1,0,1,6,12,45,57,2,0,1,0.7016,0.8335,0.3454,6,0,0.85,2,0.6,1
commit_0001,2025-01-01T14:00:00,backend/authService.ts,tests/auth.test.ts,1,0,1,3,16,23,39,1,1,1,0.5062,0.7779,0.3417,5,3,0.9,1,0.93,1
commit_0002,2025-01-01T20:00:00,backend/authService.ts,frontend/login.tsx,1,0,1,2,38,42,80,3,0,1,0.3125,0.6789,0.5893,8,0,0.85,1,0.85,1
commit_0003,2025-01-01T22:00:00,backend/userService.ts,frontend/dashboard.tsx,1,0,1,2,31,19,50,1,0,1,0.7149,0.419,0.418,12,0,0.65,2,0.46,1
commit_0004,2025-01-02T04:00:00,backend/userService.ts,frontend/dashboard.tsx,1,0,1,9,1,15,16,1,1,2,0.486,0.5745,0.5403,10,2,0.65,3,0.68,1
commit_0005,2025-01-02T05:00:00,backend/authService.ts,tests/auth.test.ts,1,0,1,8,14,3,17,1,0,4,0.299,0.8478,0.2569,4,2,0.9,3,0.67,1
commit_0006,2025-01-02T11:00:00,backend/authService.ts,tests/auth.test.ts,1,0,1,5,107,4,111,2,1,3,0.6885,0.7908,0.7572,4,3,0.9,3,0.59,1
commit_0007,2025-01-02T13:00:00,backend/authService.ts,backend/userService.ts,1,0,1,8,4,38,42,2,1,2,0.7286,0.3272,0.6839,8,0,0.7,1,0.76,1
commit_0008,2025-01-02T19:00:00,backend/authService.ts,frontend/dashboard.tsx,0,3,2,2,1,2,3,3,1,4,0.5719,0.1459,0.2034,11,0,0.3,4,0.76,0
commit_0009,2025-01-02T21:00:00,backend/db.ts,backend/authService.ts,1,0,1,3,5,42,47,3,1,4,0.6785,0.5964,0.4885,12,0,0.8,3,0.85,1
commit_0010,2025-01-03T03:00:00,config/app.ts,backend/authService.ts,1,0,1,5,42,30,72,4,3,1,0.5623,0.2418,0.8666,3,1,0.4,1,0.47,1
commit_0011,2025-01-03T05:00:00,config/app.ts,frontend/dashboard.tsx,0,2,3,6,19,22,41,1,0,1,0.8265,0.3367,0.6954,7,3,0.15,1,0.5,0
commit_0012,2025-01-03T10:00:00,backend/authService.ts,backend/userService.ts,1,0,1,8,5,4,9,3,2,2,0.4438,0.652,0.5299,6,2,0.7,3,0.61,1
commit_0013,2025-01-03T16:00:00,config/app.ts,frontend/dashboard.tsx,0,3,3,4,25,10,35,2,0,1,0.5689,0.1277,0.1085,9,0,0.15,3,0.45,0
commit_0014,2025-01-03T19:00:00,backend/userService.ts,frontend/dashboard.tsx,1,0,1,6,29,1,30,2,1,1,0.5961,0.708,0.5963,12,1,0.65,1,0.9,1
commit_0015,2025-01-03T22:00:00,backend/db.ts,frontend/login.tsx,0,2,2,4,18,26,44,2,0,1,0.5305,0.1889,0.4675,10,1,0.25,4,0.89,0
commit_0016,2025-01-04T04:00:00,backend/userService.ts,tests/user.test.ts,1,0,1,5,11,1,12,1,1,1,0.474,0.7794,0.3652,9,4,0.8,3,0.67,1
commit_0017,2025-01-04T05:00:00,backend/userService.ts,frontend/dashboard.tsx,1,0,1,2,1,9,10,1,0,1,0.7799,0.6623,0.4304,6,3,0.65,3,0.7,1
commit_0018,2025-01-04T12:00:00,backend/userService.ts,tests/user.test.ts,1,0,1,3,88,11,99,3,2,3,0.6676,0.5757,0.4216,10,8,0.8,2,0.41,1
commit_0019,2025-01-04T15:00:00,backend/userService.ts,frontend/dashboard.tsx,1,0,1,9,12,24,36,1,1,5,0.557,0.6006,0.369,8,2,0.65,4,0.69,1
commit_0020,2025-01-04T20:00:00,backend/authService.ts,tests/auth.test.ts,1,0,1,6,48,12,60,3,0,3,0.2862,0.977,0.237,12,4,0.9,2,0.44,1
commit_0021,2025-01-04T22:00:00,backend/db.ts,frontend/login.tsx,0,3,2,8,4,2,6,1,0,2,0.6933,0.1425,0.2726,4,0,0.25,4,0.47,0
commit_0022,2025-01-05T03:00:00,backend/userService.ts,frontend/dashboard.tsx,1,0,1,4,16,3,19,2,0,2,0.5169,0.5865,0.5606,8,0,0.65,4,0.79,1
commit_0023,2025-01-05T05:00:00,backend/authService.ts,frontend/login.tsx,1,0,1,3,57,10,67,1,0,2,0.5428,0.7776,0.259,8,2,0.85,2,0.47,1
commit_0024,2025-01-05T10:00:00,config/app.ts,frontend/dashboard.tsx,0,4,3,3,9,6,15,2,2,1,0.4561,0.0,0.3813,7,3,0.15,4,0.54,0
commit_0025,2025-01-05T16:00:00,config/app.ts,backend/authService.ts,1,0,1,9,5,16,21,3,1,2,0.504,0.245,0.1756,6,0,0.4,3,0.94,1
commit_0026,2025-01-05T17:00:00,config/app.ts,frontend/dashboard.tsx,0,1,3,6,10,24,34,2,1,4,0.4594,0.0945,0.4656,6,2,0.15,3,0.6,0
commit_0027,2025-01-05T21:00:00,backend/userService.ts,tests/user.test.ts,1,0,1,8,53,7,60,2,0,3,0.6735,0.7213,0.6106,11,1,0.8,2,0.81,1
commit_0028,2025-01-06T04:00:00,backend/authService.ts,frontend/login.tsx,1,0,1,6,1,12,13,4,1,2,0.4117,0.8908,0.6065,10,1,0.85,2,0.74,1
commit_0029,2025-01-06T05:00:00,config/app.ts,frontend/dashboard.tsx,0,3,3,5,1,30,31,5,1,5,0.7141,0.0567,0.1454,3,1,0.15,2,0.7,0
commit_0030,2025-01-06T11:00:00,backend/authService.ts,tests/auth.test.ts,1,0,1,2,64,6,70,2,0,1,0.3521,0.8492,0.5948,5,2,0.9,3,0.45,1
commit_0031,2025-01-06T16:00:00,backend/authService.ts,frontend/login.tsx,1,0,1,3,145,10,155,1,1,2,0.4685,0.7961,0.3217,10,0,0.85,3,0.75,1
commit_0032,2025-01-06T19:00:00,backend/userService.ts,frontend/dashboard.tsx,1,0,1,2,14,0,14,1,1,1,0.4408,0.5155,0.4678,8,1,0.65,2,0.56,1
commit_0033,2025-01-06T21:00:00,backend/authService.ts,backend/userService.ts,1,0,1,9,57,0,57,1,0,1,0.3623,0.5391,0.6163,9,0,0.7,1,0.92,1
commit_0034,2025-01-07T02:00:00,backend/authService.ts,tests/auth.test.ts,1,0,1,9,37,2,39,4,0,2,0.4873,0.7753,0.2181,4,4,0.9,2,0.41,1
commit_0035,2025-01-07T07:00:00,backend/db.ts,frontend/login.tsx,0,4,2,5,4,34,38,4,1,2,0.4411,0.2121,0.4836,10,0,0.25,2,0.42,0
commit_0036,2025-01-07T11:00:00,backend/db.ts,backend/authService.ts,1,0,1,7,8,13,21,1,0,3,0.4998,0.6716,0.8055,8,1,0.8,4,0.92,1
commit_0037,2025-01-07T16:00:00,backend/authService.ts,backend/userService.ts,1,0,1,5,15,3,18,5,1,1,0.5701,0.5982,0.5304,10,0,0.7,2,0.78,1
commit_0038,2025-01-07T17:00:00,backend/authService.ts,frontend/dashboard.tsx,0,1,2,5,11,19,30,1,0,3,0.6834,0.282,0.4648,15,1,0.3,2,0.56,0
commit_0039,2025-01-07T21:00:00,backend/authService.ts,backend/userService.ts,1,0,1,2,7,0,7,1,1,2,0.4262,0.4801,0.8658,8,0,0.7,2,0.5,1
commit_0040,2025-01-08T01:00:00,backend/authService.ts,frontend/login.tsx,1,0,1,7,38,6,44,1,3,3,0.6449,0.7337,0.4865,11,0,0.85,1,0.62,1
commit_0041,2025-01-08T06:00:00,backend/userService.ts,tests/user.test.ts,1,0,1,9,12,4,16,2,0,1,0.7283,0.748,0.9048,16,2,0.8,2,0.85,1
commit_0042,2025-01-08T10:00:00,config/app.ts,backend/authService.ts,1,0,1,9,4,6,10,1,2,1,0.3266,0.3981,0.4544,11,2,0.4,2,0.57,1
commit_0043,2025-01-08T16:00:00,backend/db.ts,backend/authService.ts,1,0,1,5,31,1,32,2,0,4,0.5401,0.8379,0.3501,8,2,0.8,1,0.92,1
commit_0044,2025-01-08T17:00:00,config/app.ts,frontend/dashboard.tsx,0,4,3,7,5,8,13,3,0,3,0.7666,0.0,0.4352,9,3,0.15,4,0.46,0
commit_0045,2025-01-09T00:00:00,backend/db.ts,backend/userService.ts,1,0,1,2,4,17,21,1,0,1,0.6347,0.409,0.3358,3,1,0.75,1,0.56,1
commit_0046,2025-01-09T01:00:00,backend/db.ts,backend/authService.ts,1,0,1,7,30,29,59,1,0,1,0.3762,0.6496,0.7206,4,1,0.8,1,0.44,1
commit_0047,2025-01-09T06:00:00,backend/userService.ts,frontend/dashboard.tsx,1,0,1,5,13,2,15,3,0,1,0.6887,0.7679,0.4607,14,0,0.65,4,0.54,1
commit_0048,2025-01-09T10:00:00,backend/db.ts,backend/authService.ts,1,0,1,4,5,30,35,2,0,4,0.568,0.6546,0.5604,3,3,0.8,3,0.59,1
commit_0049,2025-01-09T16:00:00,backend/userService.ts,frontend/dashboard.tsx,1,0,1,3,12,65,77,1,2,5,0.5769,0.6961,0.5459,8,2,0.65,4,0.88,1
commit_0050,2025-01-09T17:00:00,backend/authService.ts,frontend/login.tsx,1,0,1,2,15,10,25,2,0,3,0.602,0.7439,0.4416,6,0,0.85,1,0.74,1
commit_0051,2025-01-09T22:00:00,backend/authService.ts,tests/auth.test.ts,1,0,1,8,31,2,33,1,1,5,0.4674,0.8108,0.4587,6,0,0.9,4,0.48,1
commit_0052,2025-01-10T04:00:00,backend/userService.ts,frontend/dashboard.tsx,1,0,1,8,108,50,158,1,3,3,0.6466,0.4874,0.4998,11,3,0.65,1,0.76,1
commit_0053,2025-01-10T06:00:00,backend/db.ts,backend/authService.ts,1,0,1,2,13,15,28,1,2,6,0.4099,0.4478,0.6384,6,1,0.8,4,0.62,1
commit_0054,2025-01-10T11:00:00,backend/db.ts,backend/userService.ts,1,0,1,6,30,7,37,1,0,1,0.7015,0.797,0.3261,6,1,0.75,4,0.69,1
commit_0055,2025-01-10T16:00:00,backend/authService.ts,tests/auth.test.ts,1,0,1,5,24,21,45,3,0,1,0.5922,0.9411,0.4688,5,2,0.9,3,0.7,1
commit_0056,2025-01-10T18:00:00,backend/authService.ts,frontend/login.tsx,1,0,1,2,10,14,24,2,0,2,0.5833,1.0,0.4789,11,0,0.85,3,0.74,1
commit_0057,2025-01-10T21:00:00,backend/authService.ts,frontend/login.tsx,1,0,1,9,14,27,41,2,1,3,0.8718,0.6998,0.2362,4,2,0.85,2,0.53,1
commit_0058,2025-01-11T01:00:00,backend/db.ts,frontend/login.tsx,0,1,2,4,13,13,26,2,1,4,0.4699,0.1863,0.1579,5,1,0.25,1,0.69,0
commit_0059,2025-01-11T05:00:00,config/app.ts,frontend/dashboard.tsx,0,2,3,8,2,24,26,1,2,1,0.842,0.1334,0.4031,7,2,0.15,1,0.77,0
commit_0060,2025-01-11T10:00:00,config/app.ts,backend/authService.ts,1,0,1,2,40,39,79,1,0,6,0.6043,0.2367,0.5407,5,2,0.4,1,0.62,1
commit_0061,2025-01-11T16:00:00,config/app.ts,frontend/dashboard.tsx,0,3,3,6,15,13,28,5,1,6,0.4366,0.029,0.5466,12,0,0.15,2,0.6,0
commit_0062,2025-01-11T19:00:00,backend/userService.ts,frontend/dashboard.tsx,1,0,1,6,2,0,2,1,3,2,0.431,0.634,0.5472,5,1,0.65,4,0.78,1
commit_0063,2025-01-11T22:00:00,config/app.ts,frontend/dashboard.tsx,0,3,3,9,103,4,107,1,0,1,0.5756,0.0034,0.4789,9,1,0.15,3,0.86,0
commit_0064,2025-01-12T01:00:00,backend/authService.ts,frontend/login.tsx,1,0,1,9,34,21,55,1,0,1,0.4305,0.9036,0.4696,6,0,0.85,1,0.7,1
commit_0065,2025-01-12T05:00:00,backend/db.ts,frontend/login.tsx,0,2,2,6,16,27,43,1,0,1,0.8068,0.1292,0.2031,10,2,0.25,2,0.76,0
commit_0066,2025-01-12T11:00:00,backend/authService.ts,backend/userService.ts,1,0,1,5,57,15,72,1,1,3,0.4818,0.5284,0.3056,6,2,0.7,3,0.41,1
commit_0067,2025-01-12T15:00:00,backend/authService.ts,tests/auth.test.ts,1,0,1,9,3,51,54,2,0,1,0.6334,1.0,0.5321,10,2,0.9,3,0.6,1
commit_0068,2025-01-12T17:00:00,config/app.ts,frontend/dashboard.tsx,0,3,3,3,15,8,23,2,0,3,0.5899,0.0865,0.6008,10,0,0.15,2,0.8,0
commit_0069,2025-01-12T23:00:00,backend/authService.ts,backend/userService.ts,1,0,1,3,43,3,46,4,1,5,0.5471,0.4699,0.5991,8,1,0.7,2,0.7,1
commit_0070,2025-01-13T03:00:00,backend/userService.ts,tests/user.test.ts,1,0,1,5,1,21,22,1,1,3,0.4941,0.8367,0.7609,5,3,0.8,3,0.72,1
commit_0071,2025-01-13T06:00:00,config/app.ts,frontend/dashboard.tsx,0,3,3,9,17,15,32,1,1,4,0.7469,0.0492,0.6509,7,0,0.15,3,0.73,0
commit_0072,2025-01-13T09:00:00,backend/authService.ts,backend/userService.ts,1,0,1,8,34,96,130,3,1,3,0.6023,0.3496,0.1961,3,1,0.7,3,0.92,1
commit_0073,2025-01-13T13:00:00,backend/authService.ts,frontend/login.tsx,1,0,1,7,8,8,16,2,1,1,0.4932,0.8247,0.05,8,0,0.85,2,0.56,1
commit_0074,2025-01-13T19:00:00,backend/authService.ts,tests/auth.test.ts,1,0,1,9,8,4,12,2,1,1,0.5479,0.7869,0.4683,8,2,0.9,4,0.94,1
commit_0075,2025-01-13T21:00:00,backend/authService.ts,backend/userService.ts,1,0,1,3,8,15,23,1,0,3,0.4687,0.4488,0.5639,8,1,0.7,2,0.49,1
commit_0076,2025-01-14T01:00:00,backend/authService.ts,frontend/dashboard.tsx,0,2,2,8,73,28,101,2,1,1,0.5586,0.4177,0.3335,7,3,0.3,2,0.65,0
commit_0077,2025-01-14T05:00:00,backend/userService.ts,tests/user.test.ts,1,0,1,7,105,22,127,1,0,4,0.6258,0.8746,0.6857,11,5,0.8,1,0.94,1
commit_0078,2025-01-14T11:00:00,backend/userService.ts,frontend/dashboard.tsx,1,0,1,5,4,3,7,1,1,2,0.5862,0.623,0.5438,8,1,0.65,1,0.8,1
commit_0079,2025-01-14T15:00:00,backend/db.ts,frontend/login.tsx,0,4,2,4,56,1,57,1,2,2,0.7459,0.1302,0.4336,7,1,0.25,2,0.81,0
commit_0080,2025-01-14T18:00:00,backend/authService.ts,tests/auth.test.ts,1,0,1,8,27,14,41,2,2,3,0.5112,0.884,0.5556,6,6,0.9,1,0.54,1
commit_0081,2025-01-14T22:00:00,backend/authService.ts,frontend/dashboard.tsx,0,4,2,5,60,16,76,1,0,3,0.5364,0.1858,0.5098,9,1,0.3,3,0.88,0
commit_0082,2025-01-15T02:00:00,backend/authService.ts,backend/userService.ts,1,0,1,8,3,18,21,1,0,1,0.5056,0.2738,0.1609,9,0,0.7,1,0.84,1
commit_0083,2025-01-15T08:00:00,backend/userService.ts,frontend/dashboard.tsx,1,0,1,5,1,13,14,3,2,1,0.6463,0.6318,0.5676,12,0,0.65,4,0.61,1
commit_0084,2025-01-15T11:00:00,backend/userService.ts,tests/user.test.ts,1,0,1,5,17,15,32,4,0,1,0.5444,0.6766,0.3727,8,0,0.8,2,0.52,1
commit_0085,2025-01-15T13:00:00,config/app.ts,frontend/dashboard.tsx,0,2,3,8,1,1,2,2,1,2,0.5903,0.0,0.4686,11,1,0.15,3,0.93,0
commit_0086,2025-01-15T19:00:00,backend/authService.ts,backend/userService.ts,1,0,1,6,44,0,44,1,0,1,0.6845,0.6935,0.4017,6,2,0.7,3,0.77,1
commit_0087,2025-01-16T00:00:00,config/app.ts,frontend/dashboard.tsx,0,3,3,2,12,13,25,1,2,2,0.5663,0.0,0.444,5,1,0.15,1,0.76,0
commit_0088,2025-01-16T03:00:00,backend/authService.ts,tests/auth.test.ts,1,0,1,6,47,17,64,2,0,6,0.2877,0.9452,0.6848,8,0,0.9,1,0.76,1
commit_0089,2025-01-16T05:00:00,config/app.ts,backend/authService.ts,1,0,1,8,26,6,32,1,0,3,0.4807,0.527,0.4417,4,0,0.4,3,0.61,1
commit_0090,2025-01-16T11:00:00,backend/db.ts,backend/authService.ts,1,0,1,3,5,0,5,2,1,6,0.6172,0.6371,0.1672,9,0,0.8,4,0.59,1
commit_0091,2025-01-16T14:00:00,backend/userService.ts,tests/user.test.ts,1,0,1,2,8,50,58,2,0,3,0.8438,0.8821,0.2287,8,3,0.8,4,0.84,1
commit_0092,2025-01-16T17:00:00,backend/db.ts,frontend/login.tsx,0,2,2,7,9,31,40,1,0,4,0.4519,0.0413,0.3428,12,3,0.25,4,0.89,0
commit_0093,2025-01-16T21:00:00,config/app.ts,frontend/dashboard.tsx,0,3,3,7,15,10,25,2,0,3,0.3431,0.0,0.3372,6,0,0.15,1,0.81,0
commit_0094,2025-01-17T03:00:00,backend/db.ts,frontend/login.tsx,0,3,2,8,45,20,65,1,2,3,0.5464,0.0516,0.1548,5,2,0.25,3,0.44,0
commit_0095,2025-01-17T08:00:00,backend/userService.ts,tests/user.test.ts,1,0,1,4,18,23,41,1,0,2,0.4555,0.8548,0.4221,10,4,0.8,2,0.78,1
commit_0096,2025-01-17T12:00:00,config/app.ts,frontend/dashboard.tsx,0,4,3,4,7,18,25,4,1,2,0.5729,0.0,0.302,0,1,0.15,3,0.55,0
commit_0097,2025-01-17T16:00:00,backend/db.ts,frontend/login.tsx,0,1,2,6,31,0,31,1,0,2,0.4271,0.0,0.3643,12,0,0.25,3,0.79,0
commit_0098,2025-01-17T18:00:00,backend/db.ts,backend/authService.ts,1,0,1,7,28,50,78,3,0,2,0.5313,0.699,0.05,6,2,0.8,4,0.76,1
commit_0099,2025-01-18T00:00:00,backend/db.ts,backend/userService.ts,1,0,1,5,16,31,47,1,1,1,0.7188,0.4956,0.2359,6,1,0.75,4,0.86,1
commit_0100,2025-01-18T02:00:00,config/app.ts,frontend/dashboard.tsx,0,1,3,6,1,7,8,1,0,2,0.6677,0.3395,0.4465,9,2,0.15,3,0.55,0
commit_0101,2025-01-18T05:00:00,backend/userService.ts,frontend/dashboard.tsx,1,0,1,6,1,5,6,2,0,1,0.3473,0.7186,0.5706,5,2,0.65,2,0.43,1
commit_0102,2025-01-18T10:00:00,backend/authService.ts,tests/auth.test.ts,1,0,1,2,80,42,122,4,0,1,0.4009,0.8907,0.5208,9,2,0.9,1,0.48,1
commit_0103,2025-01-18T14:00:00,backend/db.ts,backend/userService.ts,1,0,1,3,1,14,15,1,2,2,0.4574,0.701,0.8438,4,0,0.75,4,0.86,1
commit_0104,2025-01-18T20:00:00,config/app.ts,frontend/dashboard.tsx,0,2,3,8,100,23,123,3,3,2,0.4507,0.0728,0.5267,9,1,0.15,4,0.4,0
commit_0105,2025-01-19T00:00:00,backend/userService.ts,frontend/dashboard.tsx,1,0,1,4,12,39,51,1,0,3,0.5401,0.5476,0.8279,7,1,0.65,1,0.91,1
commit_0106,2025-01-19T01:00:00,backend/db.ts,backend/authService.ts,1,0,1,5,76,12,88,2,1,2,0.5549,0.4668,0.4885,14,1,0.8,2,0.73,1
commit_0107,2025-01-19T08:00:00,backend/authService.ts,frontend/login.tsx,1,0,1,5,6,6,12,2,0,5,0.6611,0.9244,0.2786,5,1,0.85,1,0.63,1
commit_0108,2025-01-19T12:00:00,backend/authService.ts,tests/auth.test.ts,1,0,1,9,19,0,19,2,0,1,0.3777,0.9315,0.5699,12,1,0.9,3,0.7,1
commit_0109,2025-01-19T16:00:00,config/app.ts,backend/authService.ts,1,0,1,8,31,2,33,3,0,3,0.4066,0.304,0.05,15,2,0.4,4,0.92,1
commit_0110,2025-01-19T18:00:00,backend/db.ts,backend/userService.ts,1,0,1,9,18,7,25,1,2,1,0.4964,0.4179,0.6103,9,0,0.75,3,0.88,1
commit_0111,2025-01-19T22:00:00,config/app.ts,frontend/dashboard.tsx,0,3,3,9,5,5,10,3,0,4,0.5715,0.0057,0.1303,8,1,0.15,2,0.58,0
commit_0112,2025-01-20T03:00:00,backend/db.ts,backend/userService.ts,1,0,1,3,2,7,9,4,0,1,0.4064,0.4843,0.5119,5,2,0.75,3,0.59,1
commit_0113,2025-01-20T06:00:00,backend/userService.ts,tests/user.test.ts,1,0,1,7,13,4,17,1,0,3,0.5779,0.74,0.4855,6,3,0.8,3,0.73,1
commit_0114,2025-01-20T09:00:00,backend/authService.ts,tests/auth.test.ts,1,0,1,4,51,43,94,1,0,4,0.7254,0.9757,0.4087,9,0,0.9,2,0.64,1
commit_0115,2025-01-20T16:00:00,backend/authService.ts,tests/auth.test.ts,1,0,1,5,3,20,23,2,0,1,0.7572,1.0,0.2174,5,1,0.9,1,0.55,1
commit_0116,2025-01-20T20:00:00,backend/db.ts,backend/authService.ts,1,0,1,7,8,0,8,3,0,6,0.6522,0.82,0.4778,10,1,0.8,4,0.79,1
commit_0117,2025-01-21T00:00:00,backend/authService.ts,frontend/login.tsx,1,0,1,5,14,8,22,2,1,1,0.262,0.803,0.4475,7,0,0.85,4,0.5,1
commit_0118,2025-01-21T04:00:00,config/app.ts,backend/authService.ts,1,0,1,2,28,32,60,2,0,1,0.7367,0.6539,0.2068,12,1,0.4,4,0.87,1
commit_0119,2025-01-21T08:00:00,backend/authService.ts,frontend/login.tsx,1,0,1,7,29,27,56,4,1,2,0.6878,0.9171,0.2258,2,1,0.85,3,0.59,1
commit_0120,2025-01-21T12:00:00,backend/db.ts,backend/authService.ts,1,0,1,5,3,3,6,2,0,1,0.8633,0.7726,0.1645,9,1,0.8,4,0.59,1
commit_0121,2025-01-21T14:00:00,backend/userService.ts,tests/user.test.ts,1,0,1,8,4,17,21,1,1,2,0.3832,1.0,0.7136,7,3,0.8,4,0.87,1
commit_0122,2025-01-21T17:00:00,backend/db.ts,backend/authService.ts,1,0,1,7,54,9,63,1,0,3,0.6911,0.6169,0.5393,7,1,0.8,4,0.59,1
commit_0123,2025-01-21T22:00:00,backend/db.ts,backend/userService.ts,1,0,1,4,12,1,13,2,1,1,0.3793,0.6782,0.4137,11,2,0.75,1,0.51,1
commit_0124,2025-01-22T04:00:00,config/app.ts,backend/authService.ts,1,0,1,2,56,20,76,5,1,2,0.3988,0.2244,0.3135,9,0,0.4,1,0.78,1
commit_0125,2025-01-22T08:00:00,backend/authService.ts,tests/auth.test.ts,1,0,1,9,8,41,49,2,0,2,0.3651,0.9518,0.5494,6,1,0.9,2,0.88,1
commit_0126,2025-01-22T09:00:00,backend/userService.ts,tests/user.test.ts,1,0,1,8,7,12,19,1,1,7,0.5688,0.6651,0.6591,7,3,0.8,3,0.76,1
commit_0127,2025-01-22T14:00:00,backend/db.ts,backend/userService.ts,1,0,1,7,7,0,7,3,2,6,0.7799,0.5018,0.54,12,2,0.75,3,0.92,1
commit_0128,2025-01-22T20:00:00,backend/userService.ts,tests/user.test.ts,1,0,1,8,5,10,15,3,0,2,0.823,0.7023,0.6215,9,1,0.8,3,0.71,1
commit_0129,2025-01-22T21:00:00,backend/db.ts,backend/userService.ts,1,0,1,2,9,38,47,2,0,1,0.5276,0.5031,0.6177,10,3,0.75,1,0.87,1
commit_0130,2025-01-23T03:00:00,backend/userService.ts,frontend/dashboard.tsx,1,0,1,3,2,6,8,1,3,1,0.4443,0.5208,0.1386,7,1,0.65,1,0.56,1
commit_0131,2025-01-23T05:00:00,backend/userService.ts,frontend/dashboard.tsx,1,0,1,5,7,2,9,1,1,2,0.493,0.7057,0.1047,8,0,0.65,1,0.65,1
commit_0132,2025-01-23T10:00:00,backend/userService.ts,frontend/dashboard.tsx,1,0,1,4,10,25,35,1,0,4,0.6709,0.5503,0.6703,12,2,0.65,4,0.51,1
commit_0133,2025-01-23T13:00:00,config/app.ts,backend/authService.ts,1,0,1,5,76,2,78,2,1,3,0.5936,0.145,0.2864,10,3,0.4,4,0.77,1
commit_0134,2025-01-23T19:00:00,backend/authService.ts,frontend/dashboard.tsx,0,2,2,3,7,3,10,2,0,4,0.4623,0.0,0.4444,6,2,0.3,2,0.67,0
commit_0135,2025-01-23T23:00:00,backend/authService.ts,backend/userService.ts,1,0,1,2,15,13,28,4,0,1,0.5832,0.7892,0.4538,4,1,0.7,3,0.41,1
commit_0136,2025-01-24T04:00:00,backend/db.ts,backend/authService.ts,1,0,1,5,15,4,19,1,1,2,0.4769,0.7965,0.7072,7,0,0.8,1,0.85,1
commit_0137,2025-01-24T06:00:00,backend/authService.ts,backend/userService.ts,1,0,1,6,19,22,41,1,0,4,0.722,0.3593,0.5096,6,2,0.7,1,0.44,1
commit_0138,2025-01-24T09:00:00,backend/authService.ts,frontend/dashboard.tsx,0,4,2,7,15,4,19,3,0,1,0.5948,0.1186,0.4401,11,0,0.3,1,0.76,0
commit_0139,2025-01-24T15:00:00,backend/authService.ts,frontend/login.tsx,1,0,1,8,14,7,21,4,0,1,0.2673,0.6997,0.4913,6,2,0.85,4,0.8,1
commit_0140,2025-01-24T17:00:00,backend/db.ts,backend/authService.ts,1,0,1,7,27,40,67,4,0,1,0.626,0.706,0.4819,7,2,0.8,4,0.49,1
commit_0141,2025-01-24T22:00:00,backend/db.ts,backend/authService.ts,1,0,1,4,21,5,26,5,0,1,0.5048,0.6655,0.1763,11,0,0.8,3,0.66,1
commit_0142,2025-01-25T04:00:00,backend/db.ts,backend/userService.ts,1,0,1,8,17,27,44,1,2,3,0.6174,0.6229,0.3582,8,0,0.75,3,0.74,1
commit_0143,2025-01-25T07:00:00,backend/userService.ts,frontend/dashboard.tsx,1,0,1,3,70,16,86,1,0,4,0.4436,0.4354,0.3981,6,1,0.65,3,0.63,1
commit_0144,2025-01-25T12:00:00,backend/userService.ts,frontend/dashboard.tsx,1,0,1,9,5,31,36,1,1,5,0.8054,0.4477,0.4864,12,1,0.65,4,0.57,1
commit_0145,2025-01-25T15:00:00,backend/authService.ts,frontend/login.tsx,1,0,1,9,22,5,27,1,0,1,0.4462,0.9809,0.6854,10,1,0.85,3,0.74,1
commit_0146,2025-01-25T18:00:00,backend/db.ts,backend/userService.ts,1,0,1,5,7,5,12,2,0,3,0.5163,0.4991,0.2461,5,3,0.75,3,0.42,1
commit_0147,2025-01-25T23:00:00,backend/authService.ts,frontend/dashboard.tsx,0,3,2,6,22,7,29,1,1,2,0.7742,0.0423,0.4574,7,2,0.3,1,0.52,0
commit_0148,2025-01-26T02:00:00,backend/authService.ts,backend/userService.ts,1,0,1,5,43,39,82,1,0,2,0.4337,0.5813,0.448,8,0,0.7,4,0.55,1
commit_0149,2025-01-26T08:00:00,backend/db.ts,frontend/login.tsx,0,2,2,9,12,7,19,1,0,2,0.6664,0.0,0.2696,11,0,0.25,4,0.95,0
commit_0150,2025-01-26T12:00:00,backend/authService.ts,frontend/login.tsx,1,0,1,3,5,66,71,5,0,2,0.2675,0.8855,0.383,7,2,0.85,3,0.52,1
commit_0151,2025-01-26T14:00:00,backend/db.ts,backend/authService.ts,1,0,1,5,37,4,41,1,0,5,0.6876,0.8448,0.1403,8,0,0.8,3,0.73,1
commit_0152,2025-01-26T19:00:00,backend/db.ts,backend/userService.ts,1,0,1,7,48,0,48,2,1,1,0.5017,0.5777,0.4637,8,1,0.75,4,0.44,1
commit_0153,2025-01-26T23:00:00,backend/authService.ts,frontend/dashboard.tsx,0,4,2,6,3,13,16,2,0,2,0.5947,0.3224,0.565,3,0,0.3,3,0.52,0
commit_0154,2025-01-27T03:00:00,backend/userService.ts,frontend/dashboard.tsx,1,0,1,3,28,15,43,1,1,3,0.647,0.6278,0.4112,3,1,0.65,2,0.54,1
commit_0155,2025-01-27T07:00:00,backend/authService.ts,backend/userService.ts,1,0,1,4,1,11,12,4,1,2,0.4571,0.4661,0.4443,11,1,0.7,2,0.72,1
commit_0156,2025-01-27T10:00:00,backend/db.ts,backend/userService.ts,1,0,1,6,30,18,48,4,0,1,0.2893,0.5449,0.6381,7,0,0.75,3,0.46,1
commit_0157,2025-01-27T13:00:00,backend/userService.ts,frontend/dashboard.tsx,1,0,1,6,23,11,34,1,1,2,0.3181,0.7097,0.7362,8,1,0.65,2,0.82,1
commit_0158,2025-01-27T19:00:00,backend/authService.ts,tests/auth.test.ts,1,0,1,6,31,6,37,3,0,2,0.5616,0.9014,0.3431,8,4,0.9,1,0.76,1
commit_0159,2025-01-27T22:00:00,backend/userService.ts,tests/user.test.ts,1,0,1,2,2,25,27,3,0,3,0.4053,0.7164,0.5411,8,0,0.8,1,0.71,1
commit_0160,2025-01-28T03:00:00,backend/authService.ts,tests/auth.test.ts,1,0,1,9,60,7,67,1,0,2,0.5976,0.9943,0.4417,10,4,0.9,1,0.66,1
commit_0161,2025-01-28T05:00:00,config/app.ts,backend/authService.ts,1,0,1,6,42,45,87,1,1,2,0.4252,0.539,0.351,9,3,0.4,4,0.83,1
commit_0162,2025-01-28T12:00:00,backend/db.ts,backend/userService.ts,1,0,1,7,23,8,31,3,1,1,0.6331,0.768,0.172,5,1,0.75,2,0.62,1
commit_0163,2025-01-28T13:00:00,backend/userService.ts,tests/user.test.ts,1,0,1,9,18,9,27,2,1,1,0.8346,0.9535,0.4782,3,2,0.8,1,0.43,1
commit_0164,2025-01-28T17:00:00,backend/db.ts,backend/authService.ts,1,0,1,9,73,27,100,1,0,1,0.5679,0.4535,0.5074,4,2,0.8,1,0.67,1
commit_0165,2025-01-28T21:00:00,backend/authService.ts,tests/auth.test.ts,1,0,1,4,14,0,14,1,0,4,0.518,0.8108,0.5393,9,3,0.9,3,0.63,1
commit_0166,2025-01-29T01:00:00,backend/userService.ts,frontend/dashboard.tsx,1,0,1,3,96,2,98,3,1,2,0.6137,0.5045,0.6803,7,4,0.65,4,0.6,1
commit_0167,2025-01-29T06:00:00,backend/db.ts,frontend/login.tsx,0,4,2,9,28,9,37,1,1,1,0.7892,0.4015,0.5722,7,2,0.25,4,0.47,0
commit_0168,2025-01-29T11:00:00,config/app.ts,backend/authService.ts,1,0,1,8,8,8,16,2,0,2,0.496,0.3077,0.2896,6,3,0.4,3,0.85,1
commit_0169,2025-01-29T13:00:00,config/app.ts,backend/authService.ts,1,0,1,3,15,20,35,2,0,1,0.2748,0.3627,0.1699,5,0,0.4,2,0.62,1
commit_0170,2025-01-29T18:00:00,backend/userService.ts,tests/user.test.ts,1,0,1,3,42,0,42,4,0,4,0.7011,0.6332,0.5105,8,2,0.8,2,0.94,1
commit_0171,2025-01-29T22:00:00,backend/authService.ts,tests/auth.test.ts,1,0,1,3,26,40,66,3,1,1,0.7934,0.9137,0.454,7,6,0.9,2,0.93,1
commit_0172,2025-01-30T01:00:00,backend/db.ts,backend/authService.ts,1,0,1,9,12,6,18,1,0,1,0.3829,0.5527,0.4966,12,1,0.8,4,0.87,1
commit_0173,2025-01-30T07:00:00,backend/authService.ts,frontend/login.tsx,1,0,1,5,4,45,49,2,2,2,0.7227,0.9015,0.5496,6,2,0.85,3,0.8,1
commit_0174,2025-01-30T11:00:00,backend/db.ts,backend/userService.ts,1,0,1,3,18,13,31,4,2,3,0.5166,0.712,0.6417,7,2,0.75,2,0.6,1
commit_0175,2025-01-30T15:00:00,config/app.ts,frontend/dashboard.tsx,0,2,3,8,11,11,22,3,0,2,0.8055,0.1695,0.1552,10,3,0.15,1,0.43,0
commit_0176,2025-01-30T18:00:00,config/app.ts,frontend/dashboard.tsx,0,2,3,6,6,8,14,1,3,1,0.5752,0.0886,0.2709,6,1,0.15,2,0.43,0
commit_0177,2025-01-30T21:00:00,backend/authService.ts,frontend/login.tsx,1,0,1,4,6,0,6,2,0,4,0.7756,0.7745,0.4482,9,1,0.85,3,0.85,1
commit_0178,2025-01-31T03:00:00,backend/db.ts,backend/userService.ts,1,0,1,3,11,26,37,1,0,1,0.6207,0.3875,0.1204,7,0,0.75,4,0.58,1
commit_0179,2025-01-31T07:00:00,backend/db.ts,backend/authService.ts,1,0,1,6,5,22,27,1,1,1,0.7455,0.6717,0.5555,9,0,0.8,4,0.56,1
commit_0180,2025-01-31T12:00:00,backend/authService.ts,backend/userService.ts,1,0,1,2,12,7,19,1,1,3,0.613,0.3807,0.2958,7,0,0.7,4,0.62,1
commit_0181,2025-01-31T15:00:00,config/app.ts,backend/authService.ts,1,0,1,6,74,2,76,1,1,3,0.6221,0.4418,0.4135,7,0,0.4,1,0.53,1
commit_0182,2025-01-31T17:00:00,backend/userService.ts,frontend/dashboard.tsx,1,0,1,2,9,15,24,2,1,2,0.3839,0.7555,0.3842,5,0,0.65,3,0.9,1
commit_0183,2025-01-31T21:00:00,backend/authService.ts,tests/auth.test.ts,1,0,1,9,1,9,10,1,0,3,0.798,0.8883,0.4752,10,1,0.9,4,0.54,1
commit_0184,2025-02-01T03:00:00,backend/authService.ts,tests/auth.test.ts,1,0,1,8,16,3,19,3,1,3,0.6374,0.9331,0.306,12,3,0.9,4,0.81,1
commit_0185,2025-02-01T05:00:00,backend/db.ts,backend/userService.ts,1,0,1,7,20,3,23,2,0,6,0.6772,0.4783,0.2635,1,0,0.75,4,0.94,1
commit_0186,2025-02-01T11:00:00,backend/authService.ts,frontend/dashboard.tsx,0,1,2,4,7,16,23,2,1,4,0.5795,0.1814,0.6314,9,1,0.3,3,0.79,0
commit_0187,2025-02-01T16:00:00,backend/db.ts,backend/userService.ts,1,0,1,6,20,15,35,1,0,3,0.5374,0.6706,0.51,5,1,0.75,4,0.73,1
commit_0188,2025-02-01T17:00:00,backend/db.ts,backend/userService.ts,1,0,1,3,5,7,12,6,1,3,0.5635,0.4305,0.3561,9,1,0.75,3,0.42,1
commit_0189,2025-02-01T23:00:00,backend/authService.ts,frontend/dashboard.tsx,0,1,2,8,17,6,23,1,1,1,0.6209,0.2522,0.204,5,0,0.3,1,0.68,0
commit_0190,2025-02-02T04:00:00,backend/db.ts,backend/authService.ts,1,0,1,2,37,0,37,1,0,1,0.4631,0.6405,0.3634,6,0,0.8,2,0.6,1
commit_0191,2025-02-02T07:00:00,config/app.ts,backend/authService.ts,1,0,1,9,3,21,24,5,1,2,0.5168,0.362,0.446,9,2,0.4,4,0.44,1
commit_0192,2025-02-02T09:00:00,backend/userService.ts,frontend/dashboard.tsx,1,0,1,6,29,40,69,1,1,5,0.4551,0.481,0.4841,7,1,0.65,2,0.48,1
commit_0193,2025-02-02T15:00:00,backend/db.ts,backend/userService.ts,1,0,1,9,105,3,108,1,0,3,0.4742,0.5929,0.4643,10,1,0.75,1,0.58,1
commit_0194,2025-02-02T17:00:00,config/app.ts,frontend/dashboard.tsx,0,2,3,4,31,21,52,2,1,1,0.6829,0.2121,0.4387,10,1,0.15,3,0.43,0
commit_0195,2025-02-02T21:00:00,backend/db.ts,frontend/login.tsx,0,4,2,3,9,9,18,1,0,1,0.5811,0.2649,0.5054,5,2,0.25,2,0.6,0
commit_0196,2025-02-03T01:00:00,backend/db.ts,backend/userService.ts,1,0,1,3,97,8,105,4,1,4,0.7192,0.5928,0.4655,8,2,0.75,2,0.51,1
commit_0197,2025-02-03T08:00:00,backend/userService.ts,tests/user.test.ts,1,0,1,6,4,5,9,2,0,2,0.596,0.7489,0.7764,5,0,0.8,4,0.41,1
commit_0198,2025-02-03T12:00:00,backend/db.ts,backend/userService.ts,1,0,1,5,38,2,40,2,0,1,0.5895,0.6475,0.6811,12,1,0.75,4,0.55,1
commit_0199,2025-02-03T14:00:00,backend/db.ts,backend/authService.ts,1,0,1,5,13,100,113,1,1,1,0.5611,0.4454,0.3455,6,2,0.8,2,0.49,1
commit_0200,2025-02-03T17:00:00,backend/userService.ts,tests/user.test.ts,1,0,1,8,81,11,92,1,0,4,0.8921,0.9886,0.2383,12,2,0.8,3,0.83,1
commit_0201,2025-02-03T23:00:00,backend/authService.ts,frontend/login.tsx,1,0,1,6,17,23,40,2,0,2,0.6387,0.4515,0.4629,9,1,0.85,3,0.93,1
commit_0202,2025-02-04T04:00:00,backend/authService.ts,tests/auth.test.ts,1,0,1,9,80,4,84,3,0,2,0.4714,0.8341,0.2055,9,3,0.9,4,0.77,1
commit_0203,2025-02-04T07:00:00,backend/authService.ts,frontend/dashboard.tsx,0,4,2,9,2,13,15,1,1,2,0.3209,0.3948,0.2601,7,3,0.3,3,0.44,0
commit_0204,2025-02-04T10:00:00,backend/userService.ts,frontend/dashboard.tsx,1,0,1,8,10,4,14,4,1,1,0.4126,0.3935,0.6384,11,2,0.65,2,0.66,1
commit_0205,2025-02-04T16:00:00,backend/authService.ts,frontend/login.tsx,1,0,1,7,11,12,23,4,0,2,0.5571,0.5557,0.4052,9,3,0.85,4,0.69,1
commit_0206,2025-02-04T20:00:00,backend/db.ts,backend/authService.ts,1,0,1,4,1,15,16,1,0,2,0.6469,0.7693,0.05,6,0,0.8,4,0.54,1
commit_0207,2025-02-04T21:00:00,backend/authService.ts,tests/auth.test.ts,1,0,1,7,4,4,8,4,0,3,0.5253,0.8885,0.5874,11,4,0.9,1,0.63,1
commit_0208,2025-02-05T04:00:00,backend/authService.ts,backend/userService.ts,1,0,1,9,16,39,55,2,0,3,0.7398,0.635,0.2716,7,1,0.7,1,0.77,1
commit_0209,2025-02-05T06:00:00,backend/db.ts,backend/authService.ts,1,0,1,4,44,4,48,3,1,1,0.7268,0.6245,0.5574,5,0,0.8,1,0.72,1
commit_0210,2025-02-05T12:00:00,backend/userService.ts,tests/user.test.ts,1,0,1,7,46,0,46,1,1,2,0.7598,0.8396,0.7303,8,1,0.8,4,0.85,1
commit_0211,2025-02-05T13:00:00,backend/authService.ts,frontend/dashboard.tsx,0,4,2,7,22,14,36,3,2,3,0.5929,0.1067,0.2979,8,1,0.3,4,0.49,0
commit_0212,2025-02-05T17:00:00,config/app.ts,backend/authService.ts,1,0,1,3,29,13,42,2,0,2,0.2566,0.4042,0.5066,10,0,0.4,2,0.57,1
commit_0213,2025-02-05T23:00:00,backend/userService.ts,frontend/dashboard.tsx,1,0,1,3,3,2,5,1,0,2,0.6312,0.4628,0.6924,9,1,0.65,4,0.78,1
commit_0214,2025-02-06T01:00:00,config/app.ts,frontend/dashboard.tsx,0,1,3,9,29,58,87,2,1,4,0.4603,0.0,0.5166,8,1,0.15,2,0.48,0
commit_0215,2025-02-06T07:00:00,backend/authService.ts,frontend/login.tsx,1,0,1,2,44,4,48,2,0,1,0.6151,0.7707,0.3265,10,0,0.85,3,0.85,1
commit_0216,2025-02-06T09:00:00,backend/userService.ts,tests/user.test.ts,1,0,1,7,12,1,13,3,0,3,0.5705,0.8371,0.671,7,5,0.8,3,0.73,1
commit_0217,2025-02-06T16:00:00,backend/authService.ts,tests/auth.test.ts,1,0,1,5,55,7,62,2,0,1,0.4495,0.762,0.2924,8,0,0.9,4,0.72,1
commit_0218,2025-02-06T18:00:00,backend/authService.ts,tests/auth.test.ts,1,0,1,4,16,10,26,1,0,3,0.7392,0.8928,0.3299,10,6,0.9,1,0.8,1
commit_0219,2025-02-07T00:00:00,config/app.ts,backend/authService.ts,1,0,1,5,23,10,33,1,0,4,0.5687,0.171,0.3061,10,2,0.4,4,0.72,1
commit_0220,2025-02-07T02:00:00,backend/userService.ts,frontend/dashboard.tsx,1,0,1,9,3,50,53,1,0,5,0.4317,0.4591,0.6116,5,2,0.65,3,0.59,1
commit_0221,2025-02-07T08:00:00,backend/userService.ts,tests/user.test.ts,1,0,1,2,1,17,18,1,0,2,0.6939,0.5705,0.6814,13,3,0.8,4,0.48,1
commit_0222,2025-02-07T11:00:00,config/app.ts,frontend/dashboard.tsx,0,2,3,3,20,12,32,1,1,1,0.5668,0.1367,0.6313,4,2,0.15,4,0.67,0
commit_0223,2025-02-07T15:00:00,config/app.ts,backend/authService.ts,1,0,1,6,5,15,20,1,1,2,0.6552,0.1362,0.5434,8,2,0.4,4,0.45,1
commit_0224,2025-02-07T19:00:00,backend/db.ts,backend/userService.ts,1,0,1,6,8,31,39,1,1,3,0.6503,0.4476,0.571,7,0,0.75,2,0.68,1
commit_0225,2025-02-08T00:00:00,backend/db.ts,backend/userService.ts,1,0,1,3,43,41,84,3,1,4,0.2361,0.5878,0.179,7,1,0.75,2,0.42,1
commit_0226,2025-02-08T04:00:00,config/app.ts,backend/authService.ts,1,0,1,7,10,11,21,2,1,1,0.5114,0.4899,0.5692,5,1,0.4,3,0.87,1
commit_0227,2025-02-08T07:00:00,backend/authService.ts,frontend/login.tsx,1,0,1,8,6,31,37,2,1,1,0.5202,0.8816,0.1426,7,4,0.85,3,0.48,1
commit_0228,2025-02-08T09:00:00,config/app.ts,backend/authService.ts,1,0,1,2,9,7,16,2,0,1,0.5288,0.3823,0.6599,8,2,0.4,4,0.43,1
commit_0229,2025-02-08T15:00:00,backend/userService.ts,frontend/dashboard.tsx,1,0,1,7,2,3,5,1,2,2,0.3474,0.5176,0.4363,4,1,0.65,2,0.86,1
commit_0230,2025-02-08T18:00:00,config/app.ts,backend/authService.ts,1,0,1,6,18,11,29,1,0,2,0.6952,0.2182,0.6289,7,1,0.4,2,0.91,1
commit_0231,2025-02-08T21:00:00,config/app.ts,frontend/dashboard.tsx,0,1,3,6,27,1,28,2,0,1,0.5485,0.0,0.1461,8,1,0.15,4,0.75,0
commit_0232,2025-02-09T01:00:00,config/app.ts,backend/authService.ts,1,0,1,7,4,63,67,3,1,5,0.5958,0.4996,0.5557,6,0,0.4,2,0.62,1
commit_0233,2025-02-09T05:00:00,backend/userService.ts,tests/user.test.ts,1,0,1,7,20,14,34,2,0,3,0.5501,0.7967,0.3977,8,3,0.8,4,0.82,1
commit_0234,2025-02-09T10:00:00,backend/userService.ts,frontend/dashboard.tsx,1,0,1,4,32,3,35,4,0,3,0.6747,0.5608,0.4899,11,2,0.65,3,0.55,1
commit_0235,2025-02-09T15:00:00,backend/authService.ts,tests/auth.test.ts,1,0,1,6,68,19,87,2,1,2,0.1893,0.7447,0.5063,7,4,0.9,4,0.55,1
commit_0236,2025-02-09T19:00:00,backend/authService.ts,frontend/dashboard.tsx,0,1,2,9,98,13,111,1,1,6,0.4397,0.2431,0.4165,10,0,0.3,1,0.81,0
commit_0237,2025-02-09T22:00:00,backend/userService.ts,frontend/dashboard.tsx,1,0,1,8,44,51,95,3,0,4,0.5699,0.499,0.7214,11,1,0.65,3,0.57,1
commit_0238,2025-02-10T01:00:00,backend/db.ts,backend/authService.ts,1,0,1,2,18,42,60,1,0,2,0.3625,0.4218,0.4757,6,2,0.8,3,0.72,1
commit_0239,2025-02-10T05:00:00,backend/db.ts,backend/userService.ts,1,0,1,7,32,42,74,4,0,1,0.8987,0.7148,0.4469,9,0,0.75,3,0.59,1
commit_0240,2025-02-10T12:00:00,config/app.ts,frontend/dashboard.tsx,0,3,3,3,8,17,25,3,1,8,0.3963,0.0591,0.4944,4,2,0.15,2,0.79,0
commit_0241,2025-02-10T16:00:00,backend/authService.ts,frontend/login.tsx,1,0,1,7,24,5,29,1,1,1,0.4475,0.8827,0.4007,11,3,0.85,2,0.52,1
commit_0242,2025-02-10T17:00:00,config/app.ts,frontend/dashboard.tsx,0,4,3,6,6,23,29,1,1,6,0.5183,0.0351,0.5844,8,1,0.15,4,0.64,0
commit_0243,2025-02-10T21:00:00,backend/authService.ts,tests/auth.test.ts,1,0,1,2,11,11,22,1,2,1,0.3808,0.7581,0.5058,7,0,0.9,1,0.88,1
commit_0244,2025-02-11T03:00:00,backend/db.ts,backend/userService.ts,1,0,1,3,3,18,21,2,2,1,0.8097,0.4898,0.3356,8,0,0.75,1,0.91,1
commit_0245,2025-02-11T06:00:00,backend/db.ts,frontend/login.tsx,0,2,2,8,22,11,33,3,0,1,0.6099,0.129,0.5149,4,1,0.25,4,0.8,0
commit_0246,2025-02-11T11:00:00,config/app.ts,frontend/dashboard.tsx,0,4,3,4,4,7,11,3,2,2,0.8602,0.0869,0.1984,12,1,0.15,4,0.88,0
commit_0247,2025-02-11T13:00:00,backend/db.ts,backend/userService.ts,1,0,1,8,10,2,12,1,0,1,0.2911,0.6734,0.0946,9,0,0.75,3,0.47,1
commit_0248,2025-02-11T17:00:00,backend/authService.ts,frontend/dashboard.tsx,0,2,2,9,49,15,64,1,1,2,0.3606,0.0735,0.3103,13,3,0.3,4,0.76,0
commit_0249,2025-02-11T22:00:00,backend/authService.ts,frontend/dashboard.tsx,0,1,2,7,59,1,60,1,2,1,0.498,0.0699,0.6253,6,3,0.3,3,0.91,0
commit_0250,2025-02-12T01:00:00,backend/db.ts,backend/authService.ts,1,0,1,6,11,2,13,2,0,2,0.5815,0.7801,0.4857,7,0,0.8,2,0.65,1
commit_0251,2025-02-12T05:00:00,backend/db.ts,backend/userService.ts,1,0,1,3,46,12,58,2,0,1,0.6656,0.5583,0.2603,8,1,0.75,2,0.88,1
commit_0252,2025-02-12T09:00:00,backend/authService.ts,frontend/login.tsx,1,0,1,7,70,24,94,3,0,2,0.5671,0.7944,0.4611,4,2,0.85,2,0.58,1
commit_0253,2025-02-12T14:00:00,config/app.ts,backend/authService.ts,1,0,1,5,10,22,32,1,0,2,0.661,0.3518,0.913,9,3,0.4,1,0.6,1
commit_0254,2025-02-12T18:00:00,config/app.ts,backend/authService.ts,1,0,1,5,25,2,27,2,0,1,0.2233,0.1403,0.3241,7,2,0.4,2,0.9,1
commit_0255,2025-02-12T23:00:00,backend/authService.ts,tests/auth.test.ts,1,0,1,2,80,1,81,1,0,1,0.6389,0.8505,0.4874,8,4,0.9,3,0.6,1
commit_0256,2025-02-13T02:00:00,backend/authService.ts,tests/auth.test.ts,1,0,1,6,5,10,15,3,0,2,0.2839,0.7575,0.3265,3,3,0.9,2,0.63,1
commit_0257,2025-02-13T05:00:00,config/app.ts,frontend/dashboard.tsx,0,1,3,4,96,3,99,1,0,3,0.339,0.0884,0.3705,7,2,0.15,1,0.82,0
commit_0258,2025-02-13T11:00:00,backend/userService.ts,frontend/dashboard.tsx,1,0,1,7,18,5,23,3,1,1,0.7955,0.5796,0.417,12,1,0.65,1,0.66,1
commit_0259,2025-02-13T14:00:00,backend/userService.ts,tests/user.test.ts,1,0,1,2,6,13,19,1,0,5,0.3427,0.7698,0.3629,5,1,0.8,2,0.91,1
commit_0260,2025-02-13T20:00:00,backend/db.ts,frontend/login.tsx,0,1,2,3,22,16,38,3,0,3,0.4508,0.0605,0.5856,6,4,0.25,4,0.73,0
commit_0261,2025-02-14T00:00:00,backend/authService.ts,frontend/dashboard.tsx,0,1,2,9,17,0,17,2,1,4,0.2028,0.4538,0.6527,6,0,0.3,2,0.67,0
commit_0262,2025-02-14T01:00:00,config/app.ts,frontend/dashboard.tsx,0,3,3,9,53,11,64,3,1,6,0.5639,0.0,0.2309,6,2,0.15,1,0.81,0
commit_0263,2025-02-14T05:00:00,backend/db.ts,backend/userService.ts,1,0,1,8,11,21,32,2,0,3,0.6074,0.5095,0.6525,4,0,0.75,4,0.93,1
commit_0264,2025-02-14T09:00:00,backend/db.ts,backend/userService.ts,1,0,1,9,24,4,28,1,0,2,0.5831,0.6503,0.2212,10,1,0.75,1,0.55,1
commit_0265,2025-02-14T13:00:00,backend/authService.ts,frontend/dashboard.tsx,0,2,2,3,10,43,53,1,1,5,0.6797,0.1611,0.4773,11,1,0.3,2,0.8,0
commit_0266,2025-02-14T19:00:00,config/app.ts,backend/authService.ts,1,0,1,7,14,14,28,2,1,1,0.5433,0.4212,0.6981,8,1,0.4,4,0.91,1
commit_0267,2025-02-14T23:00:00,backend/db.ts,backend/userService.ts,1,0,1,8,23,7,30,3,1,2,0.6263,0.5821,0.4602,7,0,0.75,1,0.55,1
commit_0268,2025-02-15T01:00:00,config/app.ts,frontend/dashboard.tsx,0,2,3,8,18,2,20,6,0,4,0.6419,0.0374,0.4454,10,1,0.15,4,0.43,0
commit_0269,2025-02-15T06:00:00,backend/db.ts,backend/authService.ts,1,0,1,7,28,29,57,1,3,3,0.4945,0.4552,0.5521,1,0,0.8,4,0.51,1
commit_0270,2025-02-15T12:00:00,backend/db.ts,backend/authService.ts,1,0,1,3,13,9,22,1,2,3,0.7618,0.7195,0.3369,9,0,0.8,3,0.67,1
commit_0271,2025-02-15T16:00:00,backend/authService.ts,frontend/dashboard.tsx,0,3,2,7,5,57,62,1,0,2,0.4732,0.0512,0.624,5,1,0.3,2,0.76,0
commit_0272,2025-02-15T20:00:00,backend/authService.ts,backend/userService.ts,1,0,1,3,15,44,59,1,0,1,0.4575,0.431,0.3087,7,0,0.7,1,0.76,1
commit_0273,2025-02-15T21:00:00,backend/db.ts,backend/authService.ts,1,0,1,3,20,43,63,2,1,4,0.4609,0.6494,0.2238,13,3,0.8,3,0.73,1
commit_0274,2025-02-16T02:00:00,backend/db.ts,frontend/login.tsx,0,1,2,7,4,1,5,2,0,1,0.5903,0.154,0.2493,5,2,0.25,1,0.43,0
commit_0275,2025-02-16T08:00:00,backend/authService.ts,frontend/dashboard.tsx,0,4,2,2,5,33,38,2,1,2,0.3705,0.293,0.1812,6,1,0.3,3,0.78,0
commit_0276,2025-02-16T11:00:00,backend/authService.ts,frontend/dashboard.tsx,0,1,2,5,13,8,21,2,0,3,0.46,0.182,0.3317,4,1,0.3,2,0.79,0
commit_0277,2025-02-16T16:00:00,backend/userService.ts,frontend/dashboard.tsx,1,0,1,3,21,4,25,1,1,4,0.4776,0.4331,0.4243,10,2,0.65,3,0.67,1
commit_0278,2025-02-16T19:00:00,backend/authService.ts,backend/userService.ts,1,0,1,6,28,0,28,2,0,2,0.8159,0.4058,0.4682,7,1,0.7,2,0.77,1
commit_0279,2025-02-17T00:00:00,backend/db.ts,frontend/login.tsx,0,1,2,6,20,26,46,1,0,3,0.575,0.2307,0.6626,6,1,0.25,1,0.74,0
commit_0280,2025-02-17T02:00:00,backend/userService.ts,tests/user.test.ts,1,0,1,6,23,11,34,2,0,2,0.6515,0.8666,0.2522,6,5,0.8,3,0.76,1
commit_0281,2025-02-17T07:00:00,backend/authService.ts,frontend/login.tsx,1,0,1,4,16,14,30,1,1,3,0.8214,0.8003,0.4304,4,3,0.85,2,0.77,1
commit_0282,2025-02-17T12:00:00,backend/authService.ts,backend/userService.ts,1,0,1,4,13,0,13,1,1,3,0.4909,0.5522,0.5468,3,1,0.7,1,0.77,1
commit_0283,2025-02-17T13:00:00,backend/db.ts,frontend/login.tsx,0,2,2,8,5,13,18,3,1,1,0.4631,0.0,0.1066,15,2,0.25,4,0.58,0
commit_0284,2025-02-17T20:00:00,backend/authService.ts,frontend/dashboard.tsx,0,2,2,7,25,0,25,1,0,2,0.4164,0.3103,0.1932,4,4,0.3,3,0.66,0
commit_0285,2025-02-17T23:00:00,config/app.ts,backend/authService.ts,1,0,1,3,26,0,26,3,0,4,0.5739,0.4195,0.7679,8,0,0.4,1,0.82,1
commit_0286,2025-02-18T02:00:00,backend/authService.ts,tests/auth.test.ts,1,0,1,2,35,5,40,2,1,4,0.4157,0.6966,0.2094,5,0,0.9,1,0.6,1
commit_0287,2025-02-18T07:00:00,backend/db.ts,backend/userService.ts,1,0,1,8,7,8,15,1,1,5,0.5868,0.6478,0.5766,3,1,0.75,4,0.75,1
commit_0288,2025-02-18T12:00:00,backend/db.ts,backend/authService.ts,1,0,1,6,62,3,65,1,1,2,0.6032,0.5092,0.2936,7,2,0.8,2,0.74,1
commit_0289,2025-02-18T13:00:00,backend/authService.ts,frontend/dashboard.tsx,0,4,2,3,3,7,10,3,0,1,0.8225,0.2539,0.2693,7,0,0.3,3,0.88,0
commit_0290,2025-02-18T20:00:00,backend/db.ts,frontend/login.tsx,0,3,2,2,1,43,44,2,0,2,0.4174,0.3771,0.3109,4,0,0.25,2,0.8,0
commit_0291,2025-02-19T00:00:00,config/app.ts,backend/authService.ts,1,0,1,2,49,4,53,1,0,1,0.4123,0.281,0.4666,13,0,0.4,1,0.63,1
commit_0292,2025-02-19T02:00:00,backend/userService.ts,tests/user.test.ts,1,0,1,5,6,31,37,1,0,4,0.5348,0.6627,0.6868,5,3,0.8,2,0.63,1
commit_0293,2025-02-19T07:00:00,backend/userService.ts,tests/user.test.ts,1,0,1,7,14,3,17,1,0,1,0.7034,0.573,0.2225,2,5,0.8,1,0.76,1
commit_0294,2025-02-19T09:00:00,backend/db.ts,backend/userService.ts,1,0,1,8,2,0,2,3,1,2,0.3705,0.6015,0.4022,10,1,0.75,2,0.84,1
commit_0295,2025-02-19T14:00:00,backend/db.ts,backend/authService.ts,1,0,1,5,13,10,23,3,0,2,0.4091,0.624,0.6899,7,3,0.8,3,0.54,1
commit_0296,2025-02-19T17:00:00,backend/db.ts,backend/authService.ts,1,0,1,2,4,10,14,2,0,2,0.5003,0.5296,0.705,7,2,0.8,4,0.42,1
commit_0297,2025-02-19T21:00:00,backend/db.ts,backend/userService.ts,1,0,1,3,53,5,58,1,0,1,0.5225,0.7092,0.2323,11,3,0.75,3,0.55,1
commit_0298,2025-02-20T04:00:00,config/app.ts,backend/authService.ts,1,0,1,8,10,1,11,1,0,1,0.7192,0.4151,0.0995,7,2,0.4,4,0.74,1
commit_0299,2025-02-20T07:00:00,backend/authService.ts,backend/userService.ts,1,0,1,8,16,33,49,3,0,2,0.5667,0.667,0.6873,6,2,0.7,1,0.42,1
commit_0300,2025-02-20T11:00:00,backend/authService.ts,tests/auth.test.ts,1,0,1,9,31,8,39,1,1,2,0.6436,0.9668,0.1522,8,2,0.9,3,0.71,1
commit_0301,2025-02-20T13:00:00,backend/db.ts,backend/authService.ts,1,0,1,3,15,8,23,3,1,2,0.481,0.6059,0.5066,11,0,0.8,2,0.64,1
commit_0302,2025-02-20T20:00:00,config/app.ts,backend/authService.ts,1,0,1,8,22,25,47,2,1,1,0.6632,0.4011,0.1005,9,0,0.4,1,0.76,1
commit_0303,2025-02-21T00:00:00,backend/userService.ts,tests/user.test.ts,1,0,1,7,9,0,9,1,2,5,0.5353,0.8027,0.1253,6,2,0.8,2,0.69,1
commit_0304,2025-02-21T03:00:00,backend/authService.ts,tests/auth.test.ts,1,0,1,3,44,1,45,2,1,3,0.1573,0.7746,0.1833,7,2,0.9,1,0.8,1
commit_0305,2025-02-21T06:00:00,backend/authService.ts,frontend/dashboard.tsx,0,3,2,4,2,1,3,1,0,1,0.4607,0.1972,0.4561,8,1,0.3,2,0.51,0
commit_0306,2025-02-21T09:00:00,backend/authService.ts,tests/auth.test.ts,1,0,1,6,14,41,55,2,0,1,0.4776,0.748,0.5455,5,3,0.9,2,0.45,1
commit_0307,2025-02-21T14:00:00,config/app.ts,backend/authService.ts,1,0,1,4,58,6,64,2,1,1,0.7481,0.3483,0.4694,7,1,0.4,1,0.52,1
commit_0308,2025-02-21T18:00:00,config/app.ts,frontend/dashboard.tsx,0,4,3,9,23,36,59,3,1,4,0.7637,0.0,0.7292,6,1,0.15,4,0.41,0
commit_0309,2025-02-21T23:00:00,config/app.ts,frontend/dashboard.tsx,0,3,3,4,11,55,66,3,0,1,0.4296,0.0524,0.5542,7,0,0.15,4,0.51,0
commit_0310,2025-02-22T01:00:00,backend/db.ts,backend/userService.ts,1,0,1,9,5,6,11,2,0,1,0.785,0.4135,0.5831,7,1,0.75,3,0.9,1
commit_0311,2025-02-22T07:00:00,config/app.ts,backend/authService.ts,1,0,1,2,50,9,59,3,1,5,0.3519,0.284,0.8357,7,0,0.4,3,0.49,1
commit_0312,2025-02-22T09:00:00,backend/userService.ts,tests/user.test.ts,1,0,1,9,42,2,44,1,1,3,0.3733,0.7241,0.7146,7,3,0.8,4,0.94,1
commit_0313,2025-02-22T13:00:00,backend/authService.ts,frontend/login.tsx,1,0,1,7,11,13,24,1,1,5,0.5497,0.8921,0.6461,3,1,0.85,3,0.65,1
commit_0314,2025-02-22T17:00:00,config/app.ts,frontend/dashboard.tsx,0,1,3,8,99,6,105,1,0,3,0.6186,0.0,0.3792,6,2,0.15,4,0.65,0
commit_0315,2025-02-22T21:00:00,backend/db.ts,backend/userService.ts,1,0,1,5,1,15,16,1,0,2,0.8215,0.6748,0.5686,10,0,0.75,3,0.84,1
commit_0316,2025-02-23T04:00:00,backend/db.ts,frontend/login.tsx,0,2,2,2,136,4,140,2,0,1,0.5178,0.0,0.5194,4,0,0.25,4,0.91,0
commit_0317,2025-02-23T05:00:00,backend/authService.ts,frontend/dashboard.tsx,0,1,2,4,68,19,87,1,1,2,0.5423,0.3358,0.4529,6,1,0.3,1,0.73,0
commit_0318,2025-02-23T10:00:00,backend/db.ts,backend/userService.ts,1,0,1,9,62,5,67,1,1,1,0.528,0.7429,0.0504,5,3,0.75,2,0.71,1
commit_0319,2025-02-23T15:00:00,backend/authService.ts,frontend/dashboard.tsx,0,3,2,8,39,11,50,1,1,5,0.5595,0.4195,0.2013,7,3,0.3,4,0.89,0
commit_0320,2025-02-23T19:00:00,config/app.ts,frontend/dashboard.tsx,0,1,3,7,27,32,59,4,0,2,0.4866,0.1292,0.4868,6,1,0.15,1,0.88,0
commit_0321,2025-02-23T23:00:00,backend/authService.ts,backend/userService.ts,1,0,1,8,36,10,46,2,0,4,0.5923,0.7563,0.7471,11,0,0.7,3,0.92,1
commit_0322,2025-02-24T03:00:00,config/app.ts,frontend/dashboard.tsx,0,2,3,7,80,1,81,1,0,2,0.6571,0.0,0.374,7,1,0.15,1,0.73,0
commit_0323,2025-02-24T06:00:00,backend/authService.ts,frontend/dashboard.tsx,0,3,2,8,44,8,52,1,1,1,0.6543,0.1408,0.3824,7,1,0.3,2,0.42,0
commit_0324,2025-02-24T09:00:00,backend/userService.ts,tests/user.test.ts,1,0,1,8,18,12,30,2,0,2,0.5482,0.5705,0.4189,4,3,0.8,3,0.72,1
commit_0325,2025-02-24T14:00:00,config/app.ts,frontend/dashboard.tsx,0,1,3,8,10,1,11,1,0,2,0.6156,0.3429,0.4666,10,2,0.15,3,0.77,0
commit_0326,2025-02-24T17:00:00,backend/authService.ts,frontend/dashboard.tsx,0,3,2,4,14,32,46,4,0,2,0.65,0.2991,0.207,8,0,0.3,2,0.45,0
commit_0327,2025-02-24T23:00:00,backend/db.ts,backend/userService.ts,1,0,1,5,23,13,36,2,1,1,0.6175,0.4507,0.3226,6,3,0.75,2,0.84,1
commit_0328,2025-02-25T02:00:00,backend/authService.ts,tests/auth.test.ts,1,0,1,3,40,2,42,1,0,2,0.7245,0.7676,0.6424,7,2,0.9,3,0.62,1
commit_0329,2025-02-25T05:00:00,backend/db.ts,frontend/login.tsx,0,1,2,7,4,10,14,1,0,2,0.7226,0.1156,0.405,9,1,0.25,2,0.44,0
commit_0330,2025-02-25T12:00:00,backend/authService.ts,tests/auth.test.ts,1,0,1,4,53,5,58,2,0,2,0.5527,0.9329,0.4507,7,4,0.9,2,0.91,1
commit_0331,2025-02-25T14:00:00,backend/db.ts,backend/userService.ts,1,0,1,2,16,0,16,2,0,1,0.7246,0.8294,0.6929,7,1,0.75,4,0.77,1
commit_0332,2025-02-25T19:00:00,config/app.ts,frontend/dashboard.tsx,0,2,3,9,1,38,39,1,0,2,0.8637,0.0,0.446,10,0,0.15,3,0.58,0
commit_0333,2025-02-26T00:00:00,backend/userService.ts,frontend/dashboard.tsx,1,0,1,5,22,1,23,5,1,6,0.4219,0.5958,0.6823,7,1,0.65,3,0.47,1
commit_0334,2025-02-26T04:00:00,backend/userService.ts,frontend/dashboard.tsx,1,0,1,7,98,7,105,1,1,1,0.6796,0.5708,0.3801,11,1,0.65,4,0.58,1
commit_0335,2025-02-26T08:00:00,backend/userService.ts,tests/user.test.ts,1,0,1,8,26,28,54,2,1,1,0.653,0.9844,0.7265,5,2,0.8,4,0.8,1
commit_0336,2025-02-26T10:00:00,backend/userService.ts,frontend/dashboard.tsx,1,0,1,4,26,6,32,4,1,4,0.2343,0.5629,0.4749,10,1,0.65,3,0.72,1
commit_0337,2025-02-26T13:00:00,config/app.ts,frontend/dashboard.tsx,0,4,3,7,9,6,15,1,0,1,0.5053,0.0623,0.564,8,1,0.15,1,0.86,0
commit_0338,2025-02-26T17:00:00,backend/userService.ts,tests/user.test.ts,1,0,1,3,16,19,35,1,2,1,0.5433,0.6927,0.6916,9,1,0.8,2,0.91,1
commit_0339,2025-02-26T23:00:00,backend/db.ts,backend/userService.ts,1,0,1,4,48,22,70,2,0,1,0.7797,0.5437,0.05,10,2,0.75,4,0.74,1
commit_0340,2025-02-27T01:00:00,backend/userService.ts,frontend/dashboard.tsx,1,0,1,9,15,1,16,3,0,1,0.6405,0.5798,0.6974,6,3,0.65,3,0.65,1
commit_0341,2025-02-27T05:00:00,backend/db.ts,backend/authService.ts,1,0,1,2,10,9,19,6,1,5,0.801,0.667,0.6078,11,1,0.8,4,0.7,1
commit_0342,2025-02-27T11:00:00,backend/userService.ts,frontend/dashboard.tsx,1,0,1,8,20,10,30,1,0,1,0.6493,0.6193,0.263,12,0,0.65,1,0.55,1
commit_0343,2025-02-27T15:00:00,backend/userService.ts,frontend/dashboard.tsx,1,0,1,2,6,3,9,2,0,1,0.7056,0.7428,0.6242,0,3,0.65,3,0.91,1
commit_0344,2025-02-27T17:00:00,config/app.ts,frontend/dashboard.tsx,0,3,3,4,42,27,69,1,2,4,0.5518,0.288,0.5196,5,3,0.15,2,0.45,0
commit_0345,2025-02-27T21:00:00,backend/userService.ts,tests/user.test.ts,1,0,1,9,23,11,34,3,1,2,0.6655,0.7401,0.3105,4,5,0.8,2,0.65,1
commit_0346,2025-02-28T04:00:00,backend/db.ts,backend/userService.ts,1,0,1,2,6,5,11,1,1,2,0.4728,0.5207,0.3678,7,0,0.75,1,0.56,1
commit_0347,2025-02-28T05:00:00,backend/userService.ts,tests/user.test.ts,1,0,1,5,10,11,21,3,0,1,0.434,0.7319,0.4658,10,5,0.8,2,0.55,1
commit_0348,2025-02-28T12:00:00,backend/authService.ts,backend/userService.ts,1,0,1,6,18,28,46,2,0,2,0.3569,0.4013,0.2879,10,2,0.7,2,0.59,1
commit_0349,2025-02-28T15:00:00,backend/authService.ts,backend/userService.ts,1,0,1,2,42,17,59,3,0,3,0.8459,0.5565,0.5336,9,0,0.7,2,0.83,1
commit_0350,2025-02-28T20:00:00,config/app.ts,frontend/dashboard.tsx,0,4,3,3,46,2,48,4,0,2,0.6393,0.1181,0.7033,4,1,0.15,1,0.88,0
commit_0351,2025-03-01T00:00:00,config/app.ts,backend/authService.ts,1,0,1,2,9,0,9,2,1,3,0.4133,0.3938,0.4464,6,1,0.4,2,0.69,1
commit_0352,2025-03-01T02:00:00,backend/userService.ts,tests/user.test.ts,1,0,1,8,6,10,16,1,2,1,0.6446,0.5683,0.7677,13,2,0.8,1,0.53,1
commit_0353,2025-03-01T07:00:00,backend/userService.ts,frontend/dashboard.tsx,1,0,1,8,1,18,19,1,0,2,0.3772,0.4583,0.83,8,0,0.65,2,0.8,1
commit_0354,2025-03-01T09:00:00,backend/db.ts,frontend/login.tsx,0,3,2,3,17,25,42,4,0,4,0.5032,0.0829,0.3892,5,0,0.25,1,0.6,0
commit_0355,2025-03-01T16:00:00,backend/db.ts,backend/userService.ts,1,0,1,2,18,0,18,1,1,3,0.5683,0.8071,0.5856,6,1,0.75,4,0.78,1
commit_0356,2025-03-01T19:00:00,backend/userService.ts,tests/user.test.ts,1,0,1,2,25,3,28,3,0,3,0.5352,0.8673,0.4165,7,2,0.8,3,0.58,1
commit_0357,2025-03-01T21:00:00,backend/authService.ts,frontend/dashboard.tsx,0,2,2,3,3,2,5,1,0,1,0.7474,0.4168,0.7972,11,0,0.3,3,0.43,0
commit_0358,2025-03-02T02:00:00,backend/authService.ts,frontend/login.tsx,1,0,1,7,2,7,9,3,0,2,0.6233,0.7384,0.1378,8,0,0.85,3,0.62,1
commit_0359,2025-03-02T06:00:00,config/app.ts,frontend/dashboard.tsx,0,4,3,9,1,22,23,1,2,1,0.7086,0.1568,0.5168,8,1,0.15,2,0.61,0
commit_0360,2025-03-02T10:00:00,backend/authService.ts,backend/userService.ts,1,0,1,9,11,13,24,1,0,1,0.4403,0.5367,0.2884,3,1,0.7,1,0.58,1
commit_0361,2025-03-02T15:00:00,backend/userService.ts,frontend/dashboard.tsx,1,0,1,2,4,7,11,3,0,1,0.4402,0.5036,0.9399,7,1,0.65,2,0.43,1
commit_0362,2025-03-02T17:00:00,backend/authService.ts,frontend/dashboard.tsx,0,3,2,8,7,18,25,3,0,3,0.5634,0.0018,0.3703,10,2,0.3,4,0.53,0
commit_0363,2025-03-02T23:00:00,backend/authService.ts,frontend/login.tsx,1,0,1,5,35,11,46,2,2,1,0.4477,0.5539,0.2105,7,2,0.85,3,0.79,1
commit_0364,2025-03-03T03:00:00,backend/authService.ts,frontend/login.tsx,1,0,1,7,34,2,36,2,0,1,0.7979,0.7757,0.5767,5,0,0.85,3,0.87,1
commit_0365,2025-03-03T05:00:00,backend/authService.ts,frontend/dashboard.tsx,0,4,2,8,29,4,33,3,1,1,0.5428,0.4391,0.3192,11,1,0.3,4,0.82,0
commit_0366,2025-03-03T12:00:00,backend/authService.ts,frontend/dashboard.tsx,0,2,2,9,11,2,13,2,2,2,0.575,0.2947,0.7277,3,0,0.3,4,0.68,0
commit_0367,2025-03-03T15:00:00,backend/db.ts,frontend/login.tsx,0,3,2,3,1,4,5,4,2,1,0.594,0.3203,0.5814,11,3,0.25,4,0.67,0
commit_0368,2025-03-03T17:00:00,backend/db.ts,backend/authService.ts,1,0,1,4,40,9,49,3,1,2,0.6166,0.6151,0.5968,12,2,0.8,3,0.44,1
commit_0369,2025-03-03T23:00:00,backend/authService.ts,backend/userService.ts,1,0,1,3,21,6,27,1,1,3,0.502,0.3391,0.476,4,1,0.7,3,0.71,1
commit_0370,2025-03-04T03:00:00,backend/userService.ts,tests/user.test.ts,1,0,1,9,14,12,26,2,2,1,0.5851,0.6962,0.5578,6,1,0.8,4,0.71,1
commit_0371,2025-03-04T06:00:00,backend/db.ts,backend/userService.ts,1,0,1,7,63,7,70,1,0,1,0.5095,0.677,0.4892,4,1,0.75,4,0.88,1
commit_0372,2025-03-04T09:00:00,backend/authService.ts,frontend/dashboard.tsx,0,4,2,6,24,14,38,1,0,4,0.501,0.1719,0.8104,5,0,0.3,1,0.54,0
commit_0373,2025-03-04T13:00:00,config/app.ts,frontend/dashboard.tsx,0,4,3,7,11,4,15,2,1,1,0.4311,0.2028,0.5874,10,0,0.15,2,0.94,0
commit_0374,2025-03-04T17:00:00,backend/authService.ts,tests/auth.test.ts,1,0,1,9,79,0,79,1,0,4,0.5098,0.9201,0.48,6,3,0.9,1,0.92,1
commit_0375,2025-03-04T22:00:00,backend/authService.ts,backend/userService.ts,1,0,1,5,13,3,16,1,0,3,0.653,0.6506,0.5303,5,0,0.7,3,0.46,1
commit_0376,2025-03-05T03:00:00,backend/db.ts,backend/authService.ts,1,0,1,2,8,2,10,1,1,2,0.6651,0.6861,0.5039,7,2,0.8,2,0.53,1
commit_0377,2025-03-05T08:00:00,backend/authService.ts,frontend/dashboard.tsx,0,3,2,9,1,21,22,4,1,3,0.6167,0.0767,0.5241,12,3,0.3,1,0.67,0
commit_0378,2025-03-05T10:00:00,backend/db.ts,frontend/login.tsx,0,3,2,8,1,14,15,3,0,1,0.5969,0.1854,0.691,9,1,0.25,3,0.49,0
commit_0379,2025-03-05T15:00:00,backend/userService.ts,frontend/dashboard.tsx,1,0,1,3,8,0,8,2,0,1,0.5832,0.5042,0.5327,11,0,0.65,1,0.47,1
commit_0380,2025-03-05T18:00:00,backend/db.ts,backend/userService.ts,1,0,1,8,27,12,39,1,0,5,0.7046,0.5625,0.3981,5,3,0.75,1,0.66,1
commit_0381,2025-03-05T23:00:00,backend/userService.ts,tests/user.test.ts,1,0,1,9,13,37,50,1,0,2,0.559,0.613,0.1575,8,5,0.8,2,0.47,1
commit_0382,2025-03-06T03:00:00,backend/db.ts,backend/userService.ts,1,0,1,5,25,5,30,1,1,3,0.3129,0.6152,0.3544,5,2,0.75,1,0.47,1
commit_0383,2025-03-06T06:00:00,backend/authService.ts,backend/userService.ts,1,0,1,9,22,35,57,2,1,4,0.6099,0.7172,0.3425,11,0,0.7,2,0.66,1
commit_0384,2025-03-06T12:00:00,backend/authService.ts,backend/userService.ts,1,0,1,7,10,4,14,1,2,2,0.5279,0.5793,0.4557,9,1,0.7,3,0.65,1
commit_0385,2025-03-06T13:00:00,backend/db.ts,frontend/login.tsx,0,3,2,6,13,8,21,1,1,3,0.3597,0.0,0.29,4,3,0.25,2,0.6,0
commit_0386,2025-03-06T18:00:00,backend/authService.ts,frontend/dashboard.tsx,0,2,2,3,2,28,30,2,1,4,0.8249,0.2837,0.1745,6,0,0.3,2,0.63,0
commit_0387,2025-03-06T22:00:00,backend/userService.ts,frontend/dashboard.tsx,1,0,1,9,7,10,17,3,1,2,0.4921,0.7112,0.4828,10,2,0.65,1,0.83,1
commit_0388,2025-03-07T03:00:00,backend/db.ts,frontend/login.tsx,0,3,2,9,12,1,13,5,0,3,0.5121,0.2408,0.05,12,5,0.25,2,0.7,0
commit_0389,2025-03-07T05:00:00,backend/authService.ts,backend/userService.ts,1,0,1,6,2,20,22,2,0,1,0.483,0.4522,0.5602,9,1,0.7,4,0.5,1
commit_0390,2025-03-07T12:00:00,backend/db.ts,frontend/login.tsx,0,4,2,8,15,13,28,3,1,2,0.8779,0.0981,0.4056,12,6,0.25,1,0.54,0
commit_0391,2025-03-07T14:00:00,backend/authService.ts,frontend/dashboard.tsx,0,1,2,9,12,0,12,2,2,2,0.7641,0.2638,0.6519,6,1,0.3,4,0.78,0
commit_0392,2025-03-07T19:00:00,backend/authService.ts,tests/auth.test.ts,1,0,1,4,37,4,41,1,1,3,0.3993,0.8873,0.4695,3,0,0.9,2,0.81,1
commit_0393,2025-03-08T00:00:00,backend/db.ts,frontend/login.tsx,0,1,2,3,10,23,33,2,1,1,0.2641,0.074,0.4341,11,1,0.25,2,0.81,0
commit_0394,2025-03-08T03:00:00,backend/authService.ts,tests/auth.test.ts,1,0,1,4,36,45,81,1,1,1,0.95,0.7417,0.4936,13,2,0.9,3,0.93,1
commit_0395,2025-03-08T06:00:00,backend/authService.ts,frontend/dashboard.tsx,0,3,2,3,4,47,51,1,0,1,0.6192,0.3446,0.5843,14,1,0.3,3,0.44,0
commit_0396,2025-03-08T10:00:00,config/app.ts,frontend/dashboard.tsx,0,3,3,4,57,24,81,1,1,1,0.6656,0.1015,0.8448,7,4,0.15,3,0.81,0
commit_0397,2025-03-08T13:00:00,backend/db.ts,frontend/login.tsx,0,2,2,4,4,6,10,3,0,1,0.3238,0.2493,0.6287,9,2,0.25,2,0.71,0
commit_0398,2025-03-08T19:00:00,config/app.ts,backend/authService.ts,1,0,1,2,57,9,66,2,3,5,0.7991,0.0233,0.2418,5,0,0.4,1,0.79,1
commit_0399,2025-03-08T21:00:00,backend/authService.ts,frontend/login.tsx,1,0,1,6,3,35,38,1,0,1,0.5987,0.8538,0.2337,8,1,0.85,2,0.8,1
commit_0400,2025-03-09T04:00:00,config/app.ts,backend/authService.ts,1,0,1,2,2,46,48,2,1,2,0.5186,0.1525,0.7686,8,0,0.4,4,0.51,1
commit_0401,2025-03-09T07:00:00,config/app.ts,frontend/dashboard.tsx,0,3,3,9,1,4,5,1,1,2,0.5234,0.0,0.1985,9,1,0.15,2,0.69,0
commit_0402,2025-03-09T12:00:00,backend/userService.ts,tests/user.test.ts,1,0,1,9,16,12,28,3,0,3,0.6252,0.6196,0.3099,8,4,0.8,1,0.51,1
commit_0403,2025-03-09T13:00:00,backend/authService.ts,tests/auth.test.ts,1,0,1,9,7,0,7,3,1,3,0.7433,0.7387,0.3358,7,2,0.9,4,0.92,1
commit_0404,2025-03-09T20:00:00,backend/db.ts,backend/userService.ts,1,0,1,5,108,1,109,1,1,2,0.6762,0.6623,0.6193,6,2,0.75,3,0.91,1
commit_0405,2025-03-09T22:00:00,backend/authService.ts,frontend/dashboard.tsx,0,3,2,7,48,11,59,1,0,3,0.6683,0.2866,0.6598,9,1,0.3,4,0.84,0
commit_0406,2025-03-10T02:00:00,backend/authService.ts,frontend/dashboard.tsx,0,1,2,7,9,12,21,1,1,2,0.552,0.1459,0.4791,7,1,0.3,2,0.91,0
commit_0407,2025-03-10T08:00:00,backend/authService.ts,backend/userService.ts,1,0,1,6,12,1,13,2,1,2,0.7072,0.4476,0.2577,4,3,0.7,4,0.63,1
commit_0408,2025-03-10T10:00:00,backend/authService.ts,tests/auth.test.ts,1,0,1,3,17,8,25,2,1,2,0.4033,0.8486,0.1805,7,4,0.9,1,0.83,1
commit_0409,2025-03-10T15:00:00,backend/db.ts,backend/authService.ts,1,0,1,8,15,3,18,2,0,3,0.3797,0.803,0.5417,9,1,0.8,2,0.89,1
commit_0410,2025-03-10T18:00:00,backend/authService.ts,frontend/dashboard.tsx,0,3,2,5,5,2,7,2,0,4,0.5689,0.2582,0.8651,6,0,0.3,2,0.88,0
commit_0411,2025-03-11T00:00:00,backend/db.ts,frontend/login.tsx,0,4,2,9,29,16,45,4,2,2,0.6747,0.0,0.6069,13,2,0.25,3,0.71,0
commit_0412,2025-03-11T04:00:00,backend/authService.ts,frontend/login.tsx,1,0,1,3,5,9,14,1,0,1,0.4618,0.991,0.1902,10,0,0.85,4,0.41,1
commit_0413,2025-03-11T08:00:00,backend/userService.ts,frontend/dashboard.tsx,1,0,1,5,4,15,19,3,1,2,0.598,0.6333,0.4251,6,1,0.65,3,0.55,1
commit_0414,2025-03-11T09:00:00,backend/authService.ts,frontend/login.tsx,1,0,1,6,4,25,29,2,1,3,0.5705,0.8507,0.3854,12,0,0.85,4,0.76,1
commit_0415,2025-03-11T16:00:00,backend/userService.ts,tests/user.test.ts,1,0,1,2,26,3,29,1,0,5,0.6485,0.6554,0.7081,8,2,0.8,1,0.57,1
commit_0416,2025-03-11T20:00:00,backend/authService.ts,tests/auth.test.ts,1,0,1,6,58,17,75,3,1,2,0.5086,0.8576,0.2415,10,1,0.9,3,0.51,1
commit_0417,2025-03-12T00:00:00,backend/authService.ts,frontend/dashboard.tsx,0,1,2,8,17,1,18,6,2,6,0.6923,0.1025,0.6737,6,2,0.3,1,0.61,0
commit_0418,2025-03-12T02:00:00,backend/authService.ts,frontend/dashboard.tsx,0,3,2,3,24,21,45,3,0,1,0.7398,0.3663,0.3742,9,1,0.3,4,0.64,0
commit_0419,2025-03-12T08:00:00,backend/db.ts,frontend/login.tsx,0,3,2,3,40,14,54,1,1,3,0.4354,0.0382,0.4361,11,1,0.25,2,0.61,0
commit_0420,2025-03-12T09:00:00,backend/db.ts,backend/authService.ts,1,0,1,7,57,4,61,1,1,3,0.5821,0.636,0.2742,7,1,0.8,3,0.88,1
commit_0421,2025-03-12T15:00:00,backend/authService.ts,tests/auth.test.ts,1,0,1,5,6,44,50,1,1,3,0.5088,0.8472,0.5181,5,0,0.9,4,0.92,1
commit_0422,2025-03-12T17:00:00,backend/authService.ts,frontend/login.tsx,1,0,1,2,4,18,22,1,0,5,0.4518,0.5492,0.4737,6,1,0.85,2,0.86,1
commit_0423,2025-03-12T23:00:00,backend/db.ts,backend/userService.ts,1,0,1,9,4,32,36,1,1,2,0.4964,0.4604,0.6215,7,0,0.75,2,0.73,1
commit_0424,2025-03-13T02:00:00,backend/authService.ts,frontend/dashboard.tsx,0,3,2,4,41,2,43,1,2,3,0.413,0.3481,0.5053,11,2,0.3,4,0.78,0
commit_0425,2025-03-13T07:00:00,config/app.ts,backend/authService.ts,1,0,1,7,9,9,18,1,2,1,0.3964,0.3568,0.6828,10,0,0.4,4,0.72,1
commit_0426,2025-03-13T11:00:00,backend/db.ts,backend/userService.ts,1,0,1,2,18,7,25,1,0,1,0.4192,0.5781,0.5343,10,0,0.75,3,0.66,1
commit_0427,2025-03-13T15:00:00,config/app.ts,frontend/dashboard.tsx,0,1,3,8,6,14,20,4,3,2,0.5409,0.2034,0.4152,4,2,0.15,3,0.63,0
commit_0428,2025-03-13T17:00:00,config/app.ts,backend/authService.ts,1,0,1,9,10,35,45,2,1,1,0.4318,0.3481,0.5321,7,1,0.4,3,0.73,1
commit_0429,2025-03-13T22:00:00,backend/authService.ts,frontend/login.tsx,1,0,1,9,13,12,25,1,0,2,0.5458,0.8852,0.3276,9,1,0.85,2,0.86,1
commit_0430,2025-03-14T04:00:00,backend/authService.ts,tests/auth.test.ts,1,0,1,5,54,2,56,1,0,4,0.4985,0.7311,0.5866,3,2,0.9,1,0.86,1
commit_0431,2025-03-14T05:00:00,backend/userService.ts,frontend/dashboard.tsx,1,0,1,2,21,17,38,1,1,4,0.6283,0.7001,0.4836,15,2,0.65,4,0.88,1
commit_0432,2025-03-14T11:00:00,backend/db.ts,backend/authService.ts,1,0,1,4,15,24,39,1,0,1,0.6904,0.5511,0.2978,8,3,0.8,4,0.63,1
commit_0433,2025-03-14T14:00:00,backend/db.ts,backend/authService.ts,1,0,1,9,2,23,25,3,0,3,0.3773,0.7257,0.6489,7,1,0.8,1,0.51,1
commit_0434,2025-03-14T18:00:00,backend/db.ts,frontend/login.tsx,0,2,2,7,88,0,88,2,1,2,0.5205,0.0,0.5802,14,1,0.25,4,0.41,0
commit_0435,2025-03-15T00:00:00,backend/authService.ts,frontend/dashboard.tsx,0,2,2,9,43,6,49,1,0,5,0.6299,0.3956,0.3389,6,1,0.3,3,0.52,0
commit_0436,2025-03-15T03:00:00,config/app.ts,frontend/dashboard.tsx,0,3,3,9,10,14,24,1,0,2,0.648,0.0437,0.4624,11,0,0.15,2,0.67,0
commit_0437,2025-03-15T06:00:00,backend/userService.ts,tests/user.test.ts,1,0,1,6,3,6,9,1,3,2,0.8016,0.6532,0.3717,6,3,0.8,2,0.81,1
commit_0438,2025-03-15T11:00:00,backend/userService.ts,tests/user.test.ts,1,0,1,5,4,1,5,1,0,3,0.6864,0.9117,0.2679,5,0,0.8,4,0.53,1
commit_0439,2025-03-15T15:00:00,backend/db.ts,backend/userService.ts,1,0,1,7,4,11,15,2,0,6,0.6111,0.412,0.8016,2,0,0.75,3,0.4,1
commit_0440,2025-03-15T19:00:00,backend/authService.ts,backend/userService.ts,1,0,1,8,3,4,7,2,0,3,0.6242,0.707,0.6104,8,2,0.7,4,0.66,1
commit_0441,2025-03-15T23:00:00,backend/authService.ts,tests/auth.test.ts,1,0,1,6,4,7,11,1,0,3,0.455,0.7917,0.9402,11,0,0.9,1,0.65,1
commit_0442,2025-03-16T03:00:00,backend/authService.ts,backend/userService.ts,1,0,1,7,41,22,63,2,1,1,0.5837,0.6115,0.3471,12,3,0.7,4,0.44,1
commit_0443,2025-03-16T07:00:00,backend/db.ts,backend/userService.ts,1,0,1,5,1,14,15,3,2,4,0.4772,0.5321,0.3972,5,1,0.75,2,0.56,1
commit_0444,2025-03-16T11:00:00,backend/db.ts,frontend/login.tsx,0,3,2,4,2,33,35,1,0,6,0.5453,0.1238,0.4806,12,1,0.25,1,0.41,0
commit_0445,2025-03-16T14:00:00,backend/userService.ts,frontend/dashboard.tsx,1,0,1,2,16,4,20,2,0,1,0.7534,0.5533,0.4437,7,3,0.65,2,0.43,1
commit_0446,2025-03-16T18:00:00,backend/authService.ts,frontend/login.tsx,1,0,1,3,30,26,56,6,0,3,0.4255,0.9035,0.3993,8,0,0.85,4,0.69,1
commit_0447,2025-03-16T23:00:00,backend/db.ts,backend/userService.ts,1,0,1,3,3,7,10,1,0,2,0.525,0.6455,0.6491,12,0,0.75,2,0.74,1
commit_0448,2025-03-17T01:00:00,backend/db.ts,frontend/login.tsx,0,2,2,8,2,27,29,1,0,4,0.7864,0.1995,0.1155,11,2,0.25,4,0.45,0
commit_0449,2025-03-17T08:00:00,config/app.ts,frontend/dashboard.tsx,0,2,3,6,13,61,74,1,0,4,0.7484,0.0179,0.4816,12,3,0.15,3,0.7,0
commit_0450,2025-03-17T11:00:00,config/app.ts,frontend/dashboard.tsx,0,1,3,3,1,21,22,2,0,1,0.3341,0.1543,0.8096,7,3,0.15,2,0.54,0
commit_0451,2025-03-17T13:00:00,backend/authService.ts,tests/auth.test.ts,1,0,1,8,98,23,121,3,0,1,0.6877,0.735,0.4407,14,1,0.9,2,0.46,1
commit_0452,2025-03-17T17:00:00,backend/db.ts,backend/authService.ts,1,0,1,9,11,21,32,1,2,2,0.5594,0.626,0.3701,5,0,0.8,2,0.62,1
commit_0453,2025-03-17T23:00:00,backend/authService.ts,frontend/login.tsx,1,0,1,2,5,7,12,2,0,4,0.5032,0.9052,0.6754,4,2,0.85,3,0.44,1
commit_0454,2025-03-18T01:00:00,backend/authService.ts,frontend/dashboard.tsx,0,3,2,9,32,18,50,2,1,3,0.611,0.196,0.6328,5,2,0.3,4,0.53,0
commit_0455,2025-03-18T06:00:00,backend/db.ts,frontend/login.tsx,0,4,2,6,24,10,34,4,1,1,0.5384,0.3296,0.0726,6,4,0.25,2,0.95,0
commit_0456,2025-03-18T09:00:00,backend/authService.ts,frontend/dashboard.tsx,0,2,2,9,3,0,3,2,0,1,0.517,0.2306,0.455,13,1,0.3,3,0.6,0
commit_0457,2025-03-18T14:00:00,backend/authService.ts,frontend/login.tsx,1,0,1,7,24,1,25,1,2,4,0.5489,0.8341,0.3784,5,1,0.85,3,0.94,1
commit_0458,2025-03-18T18:00:00,backend/authService.ts,tests/auth.test.ts,1,0,1,8,16,4,20,3,0,4,0.2828,0.8548,0.5894,7,3,0.9,4,0.72,1
commit_0459,2025-03-18T23:00:00,backend/authService.ts,backend/userService.ts,1,0,1,8,6,23,29,1,1,5,0.3437,0.5003,0.3667,8,0,0.7,1,0.76,1
commit_0460,2025-03-19T02:00:00,backend/authService.ts,tests/auth.test.ts,1,0,1,9,49,4,53,2,2,3,0.4688,0.8657,0.5008,6,2,0.9,3,0.79,1
commit_0461,2025-03-19T06:00:00,backend/authService.ts,frontend/login.tsx,1,0,1,6,19,34,53,2,0,1,0.7881,0.7637,0.522,10,0,0.85,4,0.95,1
commit_0462,2025-03-19T10:00:00,backend/db.ts,backend/userService.ts,1,0,1,6,2,0,2,3,1,2,0.4066,0.6216,0.3437,11,2,0.75,3,0.93,1
commit_0463,2025-03-19T15:00:00,config/app.ts,backend/authService.ts,1,0,1,2,17,6,23,1,2,1,0.517,0.3004,0.5814,5,1,0.4,3,0.56,1
commit_0464,2025-03-19T19:00:00,backend/userService.ts,frontend/dashboard.tsx,1,0,1,2,5,21,26,3,0,1,0.6703,0.7877,0.2397,6,2,0.65,1,0.44,1
commit_0465,2025-03-20T00:00:00,backend/userService.ts,tests/user.test.ts,1,0,1,4,34,3,37,1,0,3,0.587,0.9367,0.5215,7,3,0.8,4,0.68,1
commit_0466,2025-03-20T03:00:00,backend/authService.ts,backend/userService.ts,1,0,1,6,40,8,48,3,0,3,0.555,0.4786,0.3576,7,0,0.7,3,0.44,1
commit_0467,2025-03-20T06:00:00,backend/userService.ts,frontend/dashboard.tsx,1,0,1,4,14,43,57,1,0,5,0.3613,0.7165,0.5646,12,0,0.65,4,0.93,1
commit_0468,2025-03-20T10:00:00,backend/db.ts,backend/userService.ts,1,0,1,7,42,1,43,1,1,1,0.6749,0.3309,0.4795,11,0,0.75,4,0.78,1
commit_0469,2025-03-20T16:00:00,backend/db.ts,frontend/login.tsx,0,2,2,5,15,12,27,1,0,3,0.5841,0.2541,0.2898,9,1,0.25,1,0.6,0
commit_0470,2025-03-20T20:00:00,backend/db.ts,frontend/login.tsx,0,3,2,3,62,12,74,2,0,2,0.6406,0.2514,0.7228,10,0,0.25,1,0.56,0
commit_0471,2025-03-20T21:00:00,backend/db.ts,frontend/login.tsx,0,2,2,4,16,5,21,2,1,2,0.8489,0.0665,0.6303,4,1,0.25,2,0.59,0
commit_0472,2025-03-21T03:00:00,backend/db.ts,frontend/login.tsx,0,4,2,3,35,5,40,2,2,1,0.6482,0.176,0.5443,11,0,0.25,2,0.81,0
commit_0473,2025-03-21T08:00:00,backend/authService.ts,backend/userService.ts,1,0,1,9,32,2,34,1,1,1,0.4018,0.5577,0.2642,4,1,0.7,1,0.9,1
commit_0474,2025-03-21T12:00:00,backend/authService.ts,tests/auth.test.ts,1,0,1,8,60,17,77,4,0,2,0.2977,0.8233,0.536,10,1,0.9,4,0.48,1
commit_0475,2025-03-21T13:00:00,backend/db.ts,frontend/login.tsx,0,4,2,6,5,0,5,4,0,1,0.3539,0.3718,0.4993,10,3,0.25,1,0.89,0
commit_0476,2025-03-21T20:00:00,backend/userService.ts,tests/user.test.ts,1,0,1,2,4,4,8,2,1,1,0.4681,0.8087,0.4315,8,3,0.8,2,0.66,1
commit_0477,2025-03-21T21:00:00,backend/authService.ts,frontend/login.tsx,1,0,1,8,23,5,28,2,0,1,0.1416,0.8567,0.4799,5,1,0.85,3,0.59,1
commit_0478,2025-03-22T01:00:00,backend/db.ts,frontend/login.tsx,0,1,2,3,5,7,12,1,2,1,0.7177,0.1771,0.2395,9,1,0.25,4,0.84,0
commit_0479,2025-03-22T05:00:00,backend/userService.ts,tests/user.test.ts,1,0,1,8,25,9,34,1,2,3,0.6865,0.9624,0.5652,9,2,0.8,2,0.45,1
commit_0480,2025-03-22T10:00:00,config/app.ts,frontend/dashboard.tsx,0,4,3,7,11,5,16,4,1,1,0.5473,0.1793,0.3898,12,1,0.15,4,0.74,0
commit_0481,2025-03-22T16:00:00,backend/db.ts,backend/authService.ts,1,0,1,8,2,10,12,2,1,2,0.6282,0.7925,0.6869,7,0,0.8,1,0.77,1
commit_0482,2025-03-22T18:00:00,config/app.ts,frontend/dashboard.tsx,0,3,3,3,1,21,22,1,1,1,0.5223,0.1894,0.179,6,0,0.15,2,0.85,0
commit_0483,2025-03-23T00:00:00,backend/db.ts,frontend/login.tsx,0,2,2,5,6,0,6,1,1,2,0.6992,0.083,0.545,7,1,0.25,1,0.9,0
commit_0484,2025-03-23T01:00:00,backend/userService.ts,tests/user.test.ts,1,0,1,9,19,1,20,1,0,4,0.6258,0.7322,0.3839,15,0,0.8,4,0.51,1
commit_0485,2025-03-23T08:00:00,backend/userService.ts,frontend/dashboard.tsx,1,0,1,5,6,4,10,1,0,1,0.5093,0.6124,0.05,16,1,0.65,4,0.42,1
commit_0486,2025-03-23T11:00:00,backend/authService.ts,tests/auth.test.ts,1,0,1,6,43,4,47,2,1,5,0.5922,0.8203,0.5629,10,4,0.9,2,0.6,1
commit_0487,2025-03-23T13:00:00,backend/authService.ts,frontend/login.tsx,1,0,1,8,5,1,6,2,0,2,0.4545,0.6849,0.5833,8,2,0.85,1,0.7,1
commit_0488,2025-03-23T18:00:00,backend/userService.ts,frontend/dashboard.tsx,1,0,1,3,80,3,83,1,0,1,0.6341,0.811,0.5593,6,1,0.65,1,0.92,1
commit_0489,2025-03-23T21:00:00,backend/db.ts,backend/userService.ts,1,0,1,2,9,7,16,1,0,5,0.4422,0.4508,0.4713,5,0,0.75,2,0.71,1
commit_0490,2025-03-24T01:00:00,backend/db.ts,backend/authService.ts,1,0,1,9,30,11,41,2,0,3,0.5402,0.542,0.4533,13,0,0.8,2,0.4,1
commit_0491,2025-03-24T06:00:00,backend/authService.ts,frontend/login.tsx,1,0,1,4,18,12,30,5,2,2,0.4919,0.5687,0.6215,10,0,0.85,3,0.64,1
commit_0492,2025-03-24T10:00:00,config/app.ts,backend/authService.ts,1,0,1,7,44,0,44,2,3,1,0.431,0.3547,0.6148,8,0,0.4,3,0.45,1
commit_0493,2025-03-24T14:00:00,backend/userService.ts,tests/user.test.ts,1,0,1,4,11,0,11,1,0,4,0.579,0.7287,0.2758,10,4,0.8,2,0.53,1
commit_0494,2025-03-24T20:00:00,backend/userService.ts,tests/user.test.ts,1,0,1,6,20,1,21,1,0,3,0.4144,0.7545,0.4836,12,3,0.8,1,0.77,1
commit_0495,2025-03-24T22:00:00,config/app.ts,frontend/dashboard.tsx,0,4,3,9,11,12,23,2,0,1,0.2545,0.0624,0.4063,7,2,0.15,1,0.7,0
commit_0496,2025-03-25T03:00:00,config/app.ts,frontend/dashboard.tsx,0,4,3,7,6,8,14,2,2,1,0.4198,0.0,0.1741,9,1,0.15,4,0.71,0
commit_0497,2025-03-25T08:00:00,backend/authService.ts,tests/auth.test.ts,1,0,1,6,58,52,110,2,0,3,0.6118,0.705,0.2496,4,2,0.9,4,0.43,1
commit_0498,2025-03-25T10:00:00,backend/db.ts,frontend/login.tsx,0,4,2,5,1,66,67,2,0,3,0.5384,0.0532,0.5511,9,1,0.25,2,0.93,0
commit_0499,2025-03-25T15:00:00,backend/authService.ts,tests/auth.test.ts,1,0,1,9,11,22,33,2,3,4,0.7529,0.9049,0.6657,5,4,0.9,1,0.86,1
commit_0500,2025-03-25T20:00:00,backend/db.ts,backend/authService.ts,1,0,1,4,7,8,15,1,1,2,0.4599,0.6828,0.6425,3,3,0.8,4,0.53,1
commit_0501,2025-03-25T22:00:00,backend/userService.ts,tests/user.test.ts,1,0,1,5,15,29,44,1,0,3,0.417,0.9221,0.5711,6,5,0.8,3,0.7,1
commit_0502,2025-03-26T01:00:00,backend/db.ts,backend/userService.ts,1,0,1,7,16,39,55,1,0,1,0.7182,0.6219,0.4843,7,0,0.75,1,0.61,1
commit_0503,2025-03-26T06:00:00,backend/authService.ts,frontend/login.tsx,1,0,1,6,41,26,67,1,1,3,0.5747,0.9342,0.3987,8,0,0.85,4,0.6,1
commit_0504,2025-03-26T09:00:00,backend/authService.ts,backend/userService.ts,1,0,1,5,23,12,35,2,0,3,0.6623,0.5055,0.7189,7,0,0.7,2,0.41,1
commit_0505,2025-03-26T16:00:00,backend/userService.ts,frontend/dashboard.tsx,1,0,1,7,73,2,75,1,0,1,0.3837,0.325,0.1673,6,0,0.65,3,0.61,1
commit_0506,2025-03-26T17:00:00,backend/userService.ts,frontend/dashboard.tsx,1,0,1,5,29,3,32,3,0,2,0.5428,0.5631,0.4466,9,0,0.65,1,0.48,1
commit_0507,2025-03-27T00:00:00,backend/userService.ts,frontend/dashboard.tsx,1,0,1,5,28,16,44,4,1,4,0.8814,0.6367,0.3549,2,2,0.65,4,0.62,1
commit_0508,2025-03-27T02:00:00,backend/db.ts,frontend/login.tsx,0,3,2,6,6,1,7,2,1,3,0.575,0.1314,0.0808,14,1,0.25,4,0.75,0
commit_0509,2025-03-27T08:00:00,backend/db.ts,frontend/login.tsx,0,3,2,6,3,44,47,1,0,5,0.6058,0.0,0.2493,7,2,0.25,3,0.52,0
commit_0510,2025-03-27T11:00:00,backend/db.ts,frontend/login.tsx,0,4,2,9,74,46,120,2,0,1,0.6387,0.0505,0.3814,8,0,0.25,1,0.54,0
commit_0511,2025-03-27T16:00:00,backend/authService.ts,frontend/dashboard.tsx,0,2,2,7,7,3,10,2,0,1,0.5458,0.1678,0.2932,14,1,0.3,3,0.54,0
commit_0512,2025-03-27T20:00:00,backend/authService.ts,frontend/login.tsx,1,0,1,5,7,18,25,1,2,3,0.575,0.9005,0.7068,6,1,0.85,2,0.72,1
commit_0513,2025-03-27T21:00:00,backend/userService.ts,tests/user.test.ts,1,0,1,8,8,4,12,2,0,2,0.6325,0.5776,0.3059,6,5,0.8,3,0.68,1
commit_0514,2025-03-28T02:00:00,backend/userService.ts,frontend/dashboard.tsx,1,0,1,7,9,2,11,1,1,1,0.3895,0.6297,0.5736,8,2,0.65,2,0.74,1
commit_0515,2025-03-28T08:00:00,config/app.ts,backend/authService.ts,1,0,1,5,16,22,38,3,0,4,0.4812,0.5515,0.4002,7,3,0.4,4,0.47,1
commit_0516,2025-03-28T11:00:00,backend/userService.ts,tests/user.test.ts,1,0,1,9,83,1,84,2,1,2,0.6306,0.7013,0.62,8,1,0.8,4,0.5,1
commit_0517,2025-03-28T16:00:00,backend/authService.ts,tests/auth.test.ts,1,0,1,7,1,0,1,3,0,3,0.7756,0.8016,0.362,12,0,0.9,2,0.62,1
commit_0518,2025-03-28T18:00:00,backend/db.ts,frontend/login.tsx,0,4,2,4,27,6,33,1,1,6,0.5897,0.3362,0.4796,4,0,0.25,1,0.86,0
commit_0519,2025-03-28T21:00:00,backend/authService.ts,backend/userService.ts,1,0,1,2,8,5,13,2,0,1,0.4386,0.5197,0.3589,7,2,0.7,1,0.9,1
commit_0520,2025-03-29T04:00:00,backend/authService.ts,tests/auth.test.ts,1,0,1,5,13,13,26,4,1,2,0.6723,0.7814,0.2374,4,1,0.9,1,0.85,1
commit_0521,2025-03-29T06:00:00,backend/authService.ts,frontend/login.tsx,1,0,1,5,55,4,59,2,0,1,0.5792,0.7214,0.3505,3,1,0.85,4,0.77,1
commit_0522,2025-03-29T11:00:00,backend/authService.ts,frontend/login.tsx,1,0,1,9,23,3,26,3,3,4,0.6425,0.7283,0.2147,8,2,0.85,4,0.5,1
commit_0523,2025-03-29T13:00:00,backend/authService.ts,frontend/login.tsx,1,0,1,8,16,20,36,1,2,6,0.6436,0.8378,0.2872,9,1,0.85,1,0.58,1
commit_0524,2025-03-29T17:00:00,backend/db.ts,frontend/login.tsx,0,3,2,6,11,0,11,1,1,4,0.4314,0.1886,0.1759,7,2,0.25,1,0.68,0
commit_0525,2025-03-30T00:00:00,backend/authService.ts,tests/auth.test.ts,1,0,1,3,26,16,42,1,0,3,0.6265,0.9293,0.4972,3,1,0.9,1,0.67,1
commit_0526,2025-03-30T02:00:00,backend/userService.ts,frontend/dashboard.tsx,1,0,1,5,16,5,21,1,0,1,0.6323,0.7204,0.5986,5,1,0.65,3,0.65,1
commit_0527,2025-03-30T07:00:00,backend/userService.ts,tests/user.test.ts,1,0,1,8,88,5,93,2,0,1,0.6886,0.8439,0.2302,9,4,0.8,1,0.44,1
commit_0528,2025-03-30T11:00:00,backend/db.ts,backend/authService.ts,1,0,1,9,5,4,9,3,1,2,0.4616,0.6864,0.4847,12,3,0.8,2,0.87,1
commit_0529,2025-03-30T14:00:00,backend/userService.ts,tests/user.test.ts,1,0,1,3,17,26,43,4,0,4,0.2593,0.7502,0.2301,8,4,0.8,1,0.87,1
commit_0530,2025-03-30T17:00:00,backend/db.ts,backend/authService.ts,1,0,1,8,38,4,42,1,0,1,0.6664,0.735,0.7901,6,0,0.8,4,0.51,1
commit_0531,2025-03-31T00:00:00,backend/authService.ts,frontend/login.tsx,1,0,1,2,7,3,10,2,2,1,0.8251,0.9413,0.1311,4,0,0.85,2,0.57,1
commit_0532,2025-03-31T01:00:00,backend/db.ts,backend/userService.ts,1,0,1,8,82,12,94,3,0,3,0.3805,0.5704,0.3617,5,2,0.75,3,0.86,1
commit_0533,2025-03-31T05:00:00,backend/db.ts,frontend/login.tsx,0,1,2,5,76,23,99,2,0,8,0.687,0.2052,0.474,8,1,0.25,2,0.75,0
commit_0534,2025-03-31T12:00:00,backend/userService.ts,tests/user.test.ts,1,0,1,2,18,11,29,1,1,1,0.5334,0.6672,0.477,4,3,0.8,1,0.74,1
commit_0535,2025-03-31T15:00:00,backend/db.ts,frontend/login.tsx,0,1,2,4,25,19,44,2,2,1,0.4616,0.3095,0.2949,10,1,0.25,3,0.86,0
commit_0536,2025-03-31T17:00:00,backend/userService.ts,frontend/dashboard.tsx,1,0,1,4,11,7,18,5,0,3,0.4713,0.6392,0.3179,9,2,0.65,4,0.9,1
commit_0537,2025-03-31T21:00:00,backend/userService.ts,tests/user.test.ts,1,0,1,4,91,4,95,1,1,1,0.5349,0.6913,0.3683,8,4,0.8,2,0.69,1
commit_0538,2025-04-01T04:00:00,config/app.ts,frontend/dashboard.tsx,0,3,3,8,1,9,10,5,0,1,0.3566,0.0476,0.5575,11,1,0.15,2,0.67,0
commit_0539,2025-04-01T05:00:00,backend/db.ts,frontend/login.tsx,0,3,2,2,38,2,40,1,1,2,0.304,0.0737,0.5165,9,2,0.25,1,0.8,0
commit_0540,2025-04-01T12:00:00,backend/userService.ts,frontend/dashboard.tsx,1,0,1,3,2,9,11,2,3,2,0.6892,0.5501,0.244,6,1,0.65,3,0.73,1
commit_0541,2025-04-01T16:00:00,backend/authService.ts,frontend/dashboard.tsx,0,1,2,6,3,19,22,6,1,1,0.4347,0.3582,0.5226,14,2,0.3,4,0.68,0
commit_0542,2025-04-01T20:00:00,backend/userService.ts,frontend/dashboard.tsx,1,0,1,7,11,4,15,1,2,2,0.3144,0.5244,0.6248,14,3,0.65,4,0.94,1
commit_0543,2025-04-02T00:00:00,backend/authService.ts,tests/auth.test.ts,1,0,1,8,47,23,70,2,1,3,0.6212,0.7857,0.358,6,4,0.9,1,0.5,1
commit_0544,2025-04-02T03:00:00,backend/userService.ts,frontend/dashboard.tsx,1,0,1,3,42,16,58,1,0,1,0.5069,0.6029,0.5973,6,1,0.65,1,0.69,1
commit_0545,2025-04-02T07:00:00,backend/authService.ts,tests/auth.test.ts,1,0,1,8,4,40,44,2,1,1,0.9404,0.9296,0.536,5,4,0.9,2,0.64,1
commit_0546,2025-04-02T12:00:00,backend/authService.ts,frontend/dashboard.tsx,0,3,2,3,16,12,28,1,1,1,0.7706,0.0,0.4672,5,2,0.3,1,0.65,0
commit_0547,2025-04-02T13:00:00,backend/userService.ts,tests/user.test.ts,1,0,1,9,100,3,103,1,2,3,0.4951,0.7482,0.1879,10,1,0.8,3,0.62,1
commit_0548,2025-04-02T19:00:00,backend/authService.ts,backend/userService.ts,1,0,1,4,33,50,83,2,0,3,0.05,0.5393,0.5406,5,0,0.7,1,0.57,1
commit_0549,2025-04-02T22:00:00,backend/db.ts,backend/authService.ts,1,0,1,9,9,7,16,1,1,4,0.4568,0.858,0.0981,8,2,0.8,4,0.62,1
commit_0550,2025-04-03T01:00:00,backend/authService.ts,frontend/login.tsx,1,0,1,3,46,19,65,1,0,5,0.5802,0.6792,0.649,5,1,0.85,3,0.81,1
commit_0551,2025-04-03T05:00:00,config/app.ts,backend/authService.ts,1,0,1,7,38,14,52,1,2,2,0.3975,0.0068,0.4222,7,0,0.4,4,0.7,1
commit_0552,2025-04-03T09:00:00,backend/userService.ts,tests/user.test.ts,1,0,1,8,5,0,5,1,0,1,0.4143,0.8293,0.4125,3,4,0.8,4,0.83,1
commit_0553,2025-04-03T13:00:00,backend/db.ts,frontend/login.tsx,0,2,2,4,12,19,31,5,0,2,0.522,0.0257,0.95,9,1,0.25,4,0.95,0
commit_0554,2025-04-03T18:00:00,backend/authService.ts,tests/auth.test.ts,1,0,1,6,2,8,10,1,1,3,0.7758,0.6639,0.7336,10,1,0.9,3,0.71,1
commit_0555,2025-04-03T23:00:00,backend/db.ts,backend/userService.ts,1,0,1,4,20,3,23,2,0,4,0.7218,0.6857,0.1833,6,2,0.75,1,0.45,1
commit_0556,2025-04-04T02:00:00,backend/db.ts,backend/authService.ts,1,0,1,6,6,3,9,1,1,1,0.5359,0.782,0.4571,7,1,0.8,4,0.76,1
commit_0557,2025-04-04T07:00:00,backend/db.ts,backend/userService.ts,1,0,1,3,17,6,23,2,2,3,0.5542,0.553,0.5258,8,3,0.75,3,0.77,1
commit_0558,2025-04-04T11:00:00,backend/userService.ts,frontend/dashboard.tsx,1,0,1,9,7,8,15,1,0,1,0.5147,0.5565,0.2691,7,1,0.65,2,0.62,1
commit_0559,2025-04-04T16:00:00,backend/authService.ts,backend/userService.ts,1,0,1,4,28,9,37,1,0,1,0.5919,0.4603,0.1422,9,1,0.7,3,0.5,1
commit_0560,2025-04-04T17:00:00,backend/db.ts,backend/authService.ts,1,0,1,7,21,30,51,1,0,1,0.6762,0.7429,0.5534,6,1,0.8,4,0.55,1
commit_0561,2025-04-04T23:00:00,backend/db.ts,backend/userService.ts,1,0,1,7,26,9,35,2,2,1,0.4642,0.695,0.3346,13,0,0.75,4,0.58,1
commit_0562,2025-04-05T02:00:00,backend/userService.ts,tests/user.test.ts,1,0,1,7,15,11,26,2,0,1,0.353,0.7925,0.3504,8,1,0.8,2,0.83,1
commit_0563,2025-04-05T08:00:00,backend/authService.ts,frontend/dashboard.tsx,0,2,2,8,19,0,19,2,0,2,0.4282,0.1341,0.3306,11,0,0.3,3,0.45,0
commit_0564,2025-04-05T11:00:00,config/app.ts,frontend/dashboard.tsx,0,4,3,5,60,11,71,1,1,1,0.3323,0.0,0.3769,10,0,0.15,3,0.95,0
commit_0565,2025-04-05T16:00:00,backend/userService.ts,tests/user.test.ts,1,0,1,8,20,9,29,1,0,3,0.4718,0.7523,0.5613,12,2,0.8,3,0.4,1
commit_0566,2025-04-05T17:00:00,config/app.ts,backend/authService.ts,1,0,1,5,24,6,30,2,0,6,0.5877,0.5006,0.5679,14,1,0.4,2,0.44,1
commit_0567,2025-04-05T21:00:00,backend/db.ts,backend/userService.ts,1,0,1,5,24,40,64,1,2,1,0.4994,0.6416,0.5393,9,0,0.75,4,0.92,1
commit_0568,2025-04-06T03:00:00,backend/authService.ts,backend/userService.ts,1,0,1,8,23,18,41,2,0,1,0.7837,0.4034,0.5923,5,2,0.7,4,0.82,1
commit_0569,2025-04-06T06:00:00,config/app.ts,frontend/dashboard.tsx,0,3,3,5,23,39,62,1,1,1,0.7168,0.032,0.5335,9,0,0.15,3,0.86,0
commit_0570,2025-04-06T10:00:00,backend/db.ts,backend/authService.ts,1,0,1,8,72,15,87,1,0,3,0.3956,0.4201,0.4747,9,1,0.8,1,0.71,1
commit_0571,2025-04-06T16:00:00,config/app.ts,backend/authService.ts,1,0,1,9,54,5,59,2,0,2,0.6523,0.1753,0.5107,10,1,0.4,4,0.79,1
commit_0572,2025-04-06T20:00:00,backend/db.ts,frontend/login.tsx,0,1,2,7,1,29,30,1,1,2,0.276,0.0781,0.6151,6,2,0.25,1,0.85,0
commit_0573,2025-04-06T21:00:00,backend/userService.ts,frontend/dashboard.tsx,1,0,1,7,12,5,17,6,1,1,0.5526,0.4982,0.5096,10,2,0.65,2,0.7,1
commit_0574,2025-04-07T01:00:00,config/app.ts,backend/authService.ts,1,0,1,8,14,7,21,2,0,6,0.7503,0.2272,0.2055,7,1,0.4,3,0.4,1
commit_0575,2025-04-07T08:00:00,backend/authService.ts,backend/userService.ts,1,0,1,2,115,6,121,2,2,1,0.5881,0.5804,0.4054,7,3,0.7,1,0.53,1
commit_0576,2025-04-07T11:00:00,backend/userService.ts,frontend/dashboard.tsx,1,0,1,5,1,24,25,1,0,1,0.4673,0.7334,0.1788,6,2,0.65,4,0.88,1
commit_0577,2025-04-07T15:00:00,backend/db.ts,backend/authService.ts,1,0,1,9,6,2,8,3,2,2,0.4495,0.5387,0.2878,6,0,0.8,2,0.86,1
commit_0578,2025-04-07T19:00:00,backend/authService.ts,frontend/login.tsx,1,0,1,9,35,3,38,3,0,3,0.8068,1.0,0.2875,13,2,0.85,1,0.64,1
commit_0579,2025-04-07T23:00:00,backend/db.ts,backend/authService.ts,1,0,1,3,16,56,72,2,1,5,0.6208,0.7087,0.381,5,2,0.8,1,0.61,1
commit_0580,2025-04-08T02:00:00,backend/authService.ts,frontend/dashboard.tsx,0,3,2,7,9,1,10,2,1,1,0.5723,0.1833,0.7272,9,0,0.3,4,0.82,0
commit_0581,2025-04-08T06:00:00,backend/db.ts,frontend/login.tsx,0,4,2,7,36,23,59,1,0,2,0.5593,0.0486,0.4812,7,0,0.25,4,0.64,0
commit_0582,2025-04-08T09:00:00,backend/db.ts,backend/userService.ts,1,0,1,9,14,0,14,2,1,1,0.7435,0.5169,0.3382,4,2,0.75,3,0.52,1
commit_0583,2025-04-08T13:00:00,backend/userService.ts,tests/user.test.ts,1,0,1,2,36,23,59,3,0,2,0.442,0.9408,0.4934,5,3,0.8,1,0.9,1
commit_0584,2025-04-08T17:00:00,backend/authService.ts,frontend/dashboard.tsx,0,1,2,4,46,16,62,1,0,1,0.2817,0.3036,0.5338,10,0,0.3,2,0.95,0
commit_0585,2025-04-08T22:00:00,backend/db.ts,frontend/login.tsx,0,2,2,7,3,17,20,1,1,1,0.5334,0.1884,0.4148,6,0,0.25,4,0.67,0
commit_0586,2025-04-09T04:00:00,backend/userService.ts,frontend/dashboard.tsx,1,0,1,8,9,12,21,2,0,3,0.4653,0.6164,0.2976,7,1,0.65,2,0.55,1
commit_0587,2025-04-09T06:00:00,config/app.ts,frontend/dashboard.tsx,0,4,3,8,9,12,21,1,1,1,0.753,0.0852,0.4481,10,1,0.15,1,0.76,0
commit_0588,2025-04-09T10:00:00,backend/db.ts,backend/userService.ts,1,0,1,8,5,35,40,1,1,1,0.5483,0.4967,0.4575,8,2,0.75,4,0.9,1
commit_0589,2025-04-09T13:00:00,backend/userService.ts,frontend/dashboard.tsx,1,0,1,5,5,0,5,1,0,1,0.5546,0.3613,0.5514,8,0,0.65,3,0.62,1
commit_0590,2025-04-09T17:00:00,config/app.ts,backend/authService.ts,1,0,1,3,29,33,62,1,0,1,0.4413,0.1969,0.3917,8,1,0.4,2,0.72,1
commit_0591,2025-04-09T23:00:00,backend/authService.ts,frontend/dashboard.tsx,0,2,2,9,44,22,66,3,0,3,0.5331,0.2026,0.5824,2,1,0.3,1,0.54,0
commit_0592,2025-04-10T03:00:00,config/app.ts,frontend/dashboard.tsx,0,4,3,7,53,8,61,1,0,2,0.8534,0.0385,0.3899,7,2,0.15,4,0.77,0
commit_0593,2025-04-10T08:00:00,config/app.ts,backend/authService.ts,1,0,1,3,12,11,23,2,1,6,0.4042,0.3539,0.5197,10,3,0.4,3,0.4,1
commit_0594,2025-04-10T11:00:00,backend/db.ts,backend/userService.ts,1,0,1,4,1,9,10,1,1,1,0.6144,0.3197,0.4281,13,2,0.75,3,0.88,1
commit_0595,2025-04-10T13:00:00,config/app.ts,frontend/dashboard.tsx,0,2,3,7,16,3,19,3,0,3,0.6901,0.0068,0.5672,12,1,0.15,1,0.47,0
commit_0596,2025-04-10T18:00:00,backend/userService.ts,tests/user.test.ts,1,0,1,3,9,0,9,1,0,1,0.5227,0.7384,0.5382,6,2,0.8,2,0.94,1
commit_0597,2025-04-10T23:00:00,backend/authService.ts,tests/auth.test.ts,1,0,1,8,36,27,63,4,1,4,0.536,0.9907,0.3771,6,1,0.9,4,0.53,1
commit_0598,2025-04-11T02:00:00,config/app.ts,backend/authService.ts,1,0,1,8,11,94,105,4,0,3,0.6675,0.6941,0.4019,11,1,0.4,4,0.89,1
commit_0599,2025-04-11T06:00:00,backend/db.ts,backend/userService.ts,1,0,1,4,84,9,93,1,2,4,0.8561,0.4251,0.3772,10,1,0.75,2,0.76,1
